site,visit,cameraID,species,date,time,count,note
BALASUCMD1,1,63,fox,2016-06-29,20:53,1,
BALASUCMD1,1,63,raccoon,2016-06-30,2:48,1,
BALASUCMD1,1,63,fox,2016-06-30,3:10,1,
BALASUCMD1,1,63,fox,2016-06-30,22:17,1,
BALASUCMD1,1,63,fox,2016-07-02,4:48,1,
BALASUCMD1,1,63,raccoon,2016-07-02,5:07,1,
BALASUCMD1,1,63,squirrel,2016-07-02,13:11,1,
BALASUCMD1,1,63,fox,2016-07-03,1:37,1,
BALASUCMD1,1,63,fox,2016-07-03,1:45,1,
BALASUCMD1,1,63,fox,2016-07-03,4:55,1,
BALASUCMD1,1,63,squirrel,2016-07-03,9:57,1,
BALASUCMD1,1,63,raccoon,2016-07-03,22:37,1,
BALASUCMD1,1,63,fox,2016-07-04,1:41,1,
BALASUCMD1,1,63,fox,2016-07-04,3:10,1,
BALASUCMD1,1,63,fox,2016-07-04,4:47,1,
BALASUCMD1,1,63,fox,2016-07-06,3:43,1,
BALASUCMD1,2,51,fox,2016-07-17,22:58,1,
BALASUCMD1,2,51,squirrel,2016-07-19,14:00,1,
BALASUCMD1,2,51,fox,2016-07-20,23:00,1,
BALASUCMD1,2,51,fox,2016-07-21,3:08,1,
BALASUCMD1,2,51,squirrel,2016-07-21,14:06,1,
BALASUCMD1,3,55,fox,2016-08-17,0:06,1,
BALASUCMD1,3,55,fox,2016-08-17,3:00,1,
BALASUCMD1,3,55,squirrel,2016-08-18,15:41,1,
BALASUCMD1,3,55,fox,2016-08-19,0:57,1,
BALASUCMD1,3,55,squirrel,2016-08-19,14:16,1,
BALASUCMD1,3,55,squirrel,2016-08-20,12:56,1,
BALASUCMD1,3,55,squirrel,2016-08-20,13:13,1,
BALASUCMD1,3,55,fox,2016-08-21,0:19,1,
BALASUCMD1,3,55,fox,2016-08-21,1:10,1,
BALASUCMD1,3,55,opossum,2016-08-21,2:12,1,
BALASUCMD1,3,55,fox,2016-08-22,1:40,1,
BALASUCMD1,3,55,fox,2016-08-22,4:12,1,
BALASUCMD1,3,55,fox,2016-08-22,4:55,1,
BALASUCMD1,3,55,fox,2016-08-22,21:18,1,
BALASUCMD1,3,55,fox,2016-08-23,1:07,1,
BALASUCMD1,3,55,squirrel,2016-08-23,12:00,1,
BARBJERMD1,1,73,squirrel,2016-06-24,13:56,1,
BARBJERMD1,1,73,squirrel,2016-06-24,15:43,1,
BARBJERMD1,1,73,squirrel,2016-06-24,16:11,1,
BARBJERMD1,1,73,squirrel,2016-06-24,17:56,5,
BARBJERMD1,1,73,squirrel,2016-06-24,18:04,3,
BARBJERMD1,1,73,squirrel,2016-06-24,18:06,2,
BARBJERMD1,1,73,squirrel,2016-06-24,18:54,1,
BARBJERMD1,1,73,fox,2016-06-25,0:13,1,
BARBJERMD1,1,73,fox,2016-06-25,0:33,1,
BARBJERMD1,1,73,raccoon,2016-06-25,2:47,1,
BARBJERMD1,1,73,raccoon,2016-06-25,2:58,1,
BARBJERMD1,1,73,raccoon,2016-06-25,3:42,1,
BARBJERMD1,1,73,squirrel,2016-06-25,7:53,1,
BARBJERMD1,1,73,squirrel,2016-06-25,10:47,1,
BARBJERMD1,1,73,squirrel,2016-06-25,11:52,1,
BARBJERMD1,1,73,squirrel,2016-06-25,11:54,1,
BARBJERMD1,1,73,squirrel,2016-06-25,11:57,1,
BARBJERMD1,1,73,squirrel,2016-06-25,13:15,1,
BARBJERMD1,1,73,squirrel,2016-06-25,13:30,1,
BARBJERMD1,1,73,squirrel,2016-06-25,13:57,1,
BARBJERMD1,1,73,squirrel,2016-06-25,14:04,1,
BARBJERMD1,1,73,squirrel,2016-06-25,14:30,1,
BARBJERMD1,1,73,squirrel,2016-06-25,14:57,1,
BARBJERMD1,1,73,squirrel,2016-06-25,15:00,1,
BARBJERMD1,1,73,squirrel,2016-06-25,15:02,1,
BARBJERMD1,1,73,squirrel,2016-06-25,16:08,2,
BARBJERMD1,1,73,squirrel,2016-06-25,16:17,1,
BARBJERMD1,1,73,squirrel,2016-06-25,16:22,3,
BARBJERMD1,1,73,squirrel,2016-06-25,16:33,2,
BARBJERMD1,1,73,dog,2016-06-25,16:33,1,
BARBJERMD1,1,73,squirrel,2016-06-25,16:35,1,
BARBJERMD1,1,73,squirrel,2016-06-25,16:38,1,
BARBJERMD1,1,73,squirrel,2016-06-25,18:39,1,
BARBJERMD1,1,73,raccoon,2016-06-25,22:02,1,
BARBJERMD1,1,73,raccoon,2016-06-25,23:36,1,
BARBJERMD1,1,73,raccoon,2016-06-26,2:13,1,
BARBJERMD1,1,73,fox,2016-06-26,3:09,1,
BARBJERMD1,1,73,raccoon,2016-06-26,4:06,1,
BARBJERMD1,1,73,raccoon,2016-06-26,4:20,1,
BARBJERMD1,1,73,squirrel,2016-06-26,8:31,1,
BARBJERMD1,1,73,squirrel,2016-06-26,9:07,1,
BARBJERMD1,1,73,squirrel,2016-06-26,9:41,1,
BARBJERMD1,1,73,squirrel,2016-06-26,10:03,1,
BARBJERMD1,1,73,squirrel,2016-06-26,10:53,1,
BARBJERMD1,1,73,squirrel,2016-06-26,11:23,1,
BARBJERMD1,1,73,squirrel,2016-06-26,11:32,1,
BARBJERMD1,1,73,squirrel,2016-06-26,11:39,3,
BARBJERMD1,1,73,squirrel,2016-06-26,12:52,1,
BARBJERMD1,1,73,squirrel,2016-06-26,15:26,1,
BARBJERMD1,1,73,squirrel,2016-06-26,15:31,1,
BARBJERMD1,1,73,squirrel,2016-06-26,15:34,1,
BARBJERMD1,1,73,squirrel,2016-06-26,15:47,1,
BARBJERMD1,1,73,squirrel,2016-06-26,15:49,1,
BARBJERMD1,1,73,squirrel,2016-06-26,16:38,1,
BARBJERMD1,1,73,squirrel,2016-06-26,17:27,1,
BARBJERMD1,1,73,squirrel,2016-06-26,17:29,1,
BARBJERMD1,1,73,squirrel,2016-06-26,17:32,1,
BARBJERMD1,1,73,squirrel,2016-06-26,18:00,1,
BARBJERMD1,1,73,squirrel,2016-06-26,18:02,1,
BARBJERMD1,1,73,squirrel,2016-06-26,18:09,1,
BARBJERMD1,1,73,squirrel,2016-06-26,18:13,3,
BARBJERMD1,1,73,squirrel,2016-06-26,18:15,1,
BARBJERMD1,1,73,squirrel,2016-06-26,18:19,2,
BARBJERMD1,1,73,squirrel,2016-06-26,18:29,1,
BARBJERMD1,1,73,dog,2016-06-26,19:38,2,
BARBJERMD1,1,73,raccoon,2016-06-27,1:00,1,
BARBJERMD1,1,73,raccoon,2016-06-27,4:12,1,
BARBJERMD1,1,73,squirrel,2016-06-27,6:45,1,
BARBJERMD1,1,73,squirrel,2016-06-27,9:33,1,
BARBJERMD1,1,73,squirrel,2016-06-27,10:36,1,
BARBJERMD1,1,73,squirrel,2016-06-27,10:47,1,
BARBJERMD1,1,73,squirrel,2016-06-27,11:04,1,
BARBJERMD1,1,73,squirrel,2016-06-27,11:07,1,
BARBJERMD1,1,73,squirrel,2016-06-27,11:23,2,
BARBJERMD1,1,73,squirrel,2016-06-27,11:28,1,
BARBJERMD1,1,73,squirrel,2016-06-27,11:40,2,
BARBJERMD1,1,73,squirrel,2016-06-27,11:47,3,
BARBJERMD1,1,73,squirrel,2016-06-27,12:03,1,
BARBJERMD1,1,73,squirrel,2016-06-27,12:07,1,
BARBJERMD1,1,73,squirrel,2016-06-27,12:09,1,
BARBJERMD1,1,73,squirrel,2016-06-27,12:13,2,
BARBJERMD1,1,73,squirrel,2016-06-27,16:14,1,
BARBJERMD1,1,73,squirrel,2016-06-27,17:09,1,
BARBJERMD1,1,73,squirrel,2016-06-27,17:58,1,
BARBJERMD1,1,73,raccoon,2016-06-27,23:06,1,
BARBJERMD1,1,73,squirrel,2016-06-28,18:16,2,
BARBJERMD1,1,73,fox,2016-06-28,21:54,1,
BARBJERMD1,1,73,raccoon,2016-06-28,22:52,1,
BARBJERMD1,1,73,raccoon,2016-06-28,22:54,1,
BARBJERMD1,1,73,raccoon,2016-06-29,2:15,1,
BARBJERMD1,1,73,raccoon,2016-06-29,4:20,2,
BARBJERMD1,1,73,raccoon,2016-06-29,4:22,1,
BARBJERMD1,1,73,squirrel,2016-06-29,10:11,2,
BARBJERMD1,1,73,squirrel,2016-06-29,11:12,4,
BARBJERMD1,1,73,squirrel,2016-06-29,11:45,1,
BARBJERMD1,1,73,dog,2016-06-29,12:47,1,
BARBJERMD1,1,73,squirrel,2016-06-29,14:20,1,
BARBJERMD1,1,73,squirrel,2016-06-29,14:21,1,
BARBJERMD1,1,73,squirrel,2016-06-29,15:45,1,
BARBJERMD1,1,73,squirrel,2016-06-29,15:48,3,
BARBJERMD1,1,73,raccoon,2016-06-30,1:39,1,
BARBJERMD1,1,73,raccoon,2016-06-30,2:17,1,
BARBJERMD1,1,73,raccoon,2016-06-30,3:57,1,
BARBJERMD1,1,73,raccoon,2016-06-30,4:16,1,
BARBJERMD1,1,73,squirrel,2016-06-30,6:10,1,
BARBJERMD1,1,73,squirrel,2016-06-30,7:05,2,
BARBJERMD1,1,73,squirrel,2016-06-30,7:29,1,
BARBJERMD1,1,73,squirrel,2016-06-30,7:41,2,
BARBJERMD1,1,73,squirrel,2016-06-30,9:39,1,
BARBJERMD1,1,73,squirrel,2016-06-30,9:48,1,
BARBJERMD1,1,73,squirrel,2016-06-30,10:26,1,
BARBJERMD1,1,73,squirrel,2016-06-30,10:39,1,
BARBJERMD1,1,73,squirrel,2016-06-30,10:49,1,
BARBJERMD1,1,73,squirrel,2016-06-30,11:59,1,
BARBJERMD1,1,73,squirrel,2016-06-30,12:37,1,
BARBJERMD1,1,73,squirrel,2016-06-30,15:41,1,
BARBJERMD1,1,73,raccoon,2016-06-30,22:54,2,
BARBJERMD1,1,73,raccoon,2016-06-30,23:19,1,
BARBJERMD1,1,73,raccoon,2016-06-30,23:47,1,
BARBJERMD1,1,73,raccoon,2016-06-30,23:48,1,
BARBJERMD1,1,73,raccoon,2016-07-01,2:07,1,
BARBJERMD1,1,73,raccoon,2016-07-01,2:40,1,
BARBJERMD1,1,73,raccoon,2016-07-01,3:49,1,
BARBJERMD1,1,73,raccoon,2016-07-01,4:08,1,
BARBJERMD1,1,73,squirrel,2016-07-01,6:56,1,
BARBJERMD1,1,73,squirrel,2016-07-01,8:05,1,
BARBJERMD1,2,55,squirrel,2016-07-12,13:06,1,
BARBJERMD1,2,55,squirrel,2016-07-12,13:58,1,
BARBJERMD1,2,55,squirrel,2016-07-13,9:07,1,
BARBJERMD1,2,55,squirrel,2016-07-13,16:37,1,
BARBJERMD1,2,55,squirrel,2016-07-14,9:20,1,
BARBJERMD1,2,55,raccoon,2016-07-15,2:58,1,
BARBJERMD1,2,55,squirrel,2016-07-15,10:08,2,
BARBJERMD1,2,55,squirrel,2016-07-16,5:54,1,
BARBJERMD1,2,55,squirrel,2016-07-16,10:50,1,
BARBJERMD1,2,55,squirrel,2016-07-16,11:17,1,
BARBJERMD1,2,55,squirrel,2016-07-16,11:27,1,
BARBJERMD1,2,55,raccoon,2016-07-17,3:33,1,
BARBJERMD1,2,55,squirrel,2016-07-17,9:06,1,
BARBJERMD1,2,55,squirrel,2016-07-17,11:14,2,
BARBJERMD1,2,55,squirrel,2016-07-17,15:08,1,
BARBJERMD1,2,55,squirrel,2016-07-18,12:32,4,
BARBJERMD1,2,55,squirrel,2016-07-18,12:49,1,
BARBJERMD1,2,55,raccoon,2016-07-19,2:48,1,
BARBJERMD1,3,,,,,,
BEALTOMMD1,1,55,squirrel,2016-06-23,15:26,1,
BEALTOMMD1,2,33,raccoon,2016-07-14,2:00,1,
BEALTOMMD1,2,33,squirrel,2016-07-15,9:00,1,
BEALTOMMD1,2,33,raccoon,2016-07-15,23:02,1,
BEALTOMMD1,2,33,raccoon,2016-07-16,0:09,1,
BEALTOMMD1,2,33,raccoon,2016-07-16,0:11,2,
BEALTOMMD1,2,33,raccoon,2016-07-16,0:13,2,
BEALTOMMD1,2,33,fox,2016-07-16,0:36,1,
BEALTOMMD1,2,33,raccoon,2016-07-16,0:50,2,
BEALTOMMD1,2,33,raccoon,2016-07-16,0:57,1,
BEALTOMMD1,2,33,raccoon,2016-07-16,4:59,1,
BEALTOMMD1,2,33,raccoon,2016-07-17,0:10,1,
BEALTOMMD1,2,33,raccoon,2016-07-17,0:48,1,
BEALTOMMD1,2,33,cat,2016-07-17,6:14,1,Tom
BEALTOMMD1,2,33,squirrel,2016-07-19,12:11,1,
BEALTOMMD1,2,33,squirrel,2016-07-19,12:37,1,
BEALTOMMD1,2,33,squirrel,2016-07-19,13:00,2,
BEALTOMMD1,2,33,squirrel,2016-07-19,13:57,1,
BEALTOMMD1,2,33,squirrel,2016-07-19,14:00,1,
BEALTOMMD1,2,33,squirrel,2016-07-19,14:44,1,
BEALTOMMD1,2,33,raccoon,2016-07-20,2:28,1,
BEALTOMMD1,2,33,raccoon,2016-07-20,4:23,1,
BEALTOMMD1,2,33,raccoon,2016-07-20,4:30,1,
BEALTOMMD1,3,,,,,,
BLOCDAVMD1,1,39,raccoon,2016-06-27,20:43,1,
BLOCDAVMD1,1,39,raccoon,2016-06-28,22:13,1,
BLOCDAVMD1,1,39,raccoon,2016-06-29,0:13,1,
BLOCDAVMD1,1,39,raccoon,2016-06-29,4:39,1,
BLOCDAVMD1,1,39,fox,2016-06-29,5:44,1,
BLOCDAVMD1,1,39,raccoon,2016-06-30,0:06,1,
BLOCDAVMD1,1,39,fox,2016-06-30,10:12,1,
BLOCDAVMD1,1,39,fox,2016-06-30,10:29,1,
BLOCDAVMD1,1,39,raccoon,2016-06-30,21:21,1,
BLOCDAVMD1,1,39,raccoon,2016-06-30,22:04,1,
BLOCDAVMD1,1,39,raccoon,2016-06-30,23:40,1,
BLOCDAVMD1,1,39,raccoon,2016-07-01,23:35,1,
BLOCDAVMD1,1,39,raccoon,2016-07-02,3:30,1,
BLOCDAVMD1,1,39,raccoon,2016-07-02,3:35,2,
BLOCDAVMD1,1,39,squirrel,2016-07-02,10:17,1,
BLOCDAVMD1,1,39,dog,2016-07-02,15:07,1,
BLOCDAVMD1,1,39,raccoon,2016-07-02,21:28,1,
BLOCDAVMD1,1,39,raccoon,2016-07-03,1:38,1,
BLOCDAVMD1,1,39,raccoon,2016-07-03,21:53,1,
BLOCDAVMD1,1,39,raccoon,2016-07-03,23:04,1,
BLOCDAVMD1,2,64,,,,,
BLOCDAVMD1,3,71,fox,2016-08-06,0:19,1,
BLOCDAVMD1,3,71,fox,2016-08-06,21:20,1,
BLOCDAVMD1,3,71,fox,2016-08-06,22:41,1,
BLOCDAVMD1,3,71,fox,2016-08-08,5:29,1,
BLOCDAVMD1,3,71,fox,2016-08-08,23:01,1,
BLOCDAVMD1,3,71,raccoon,2016-08-09,6:11,3,
BLOCDAVMD1,3,71,raccoon,2016-08-09,22:45,2,
BLOCDAVMD1,3,71,raccoon,2016-08-09,23:01,1,
BLOCDAVMD1,3,71,raccoon,2016-08-10,0:24,2,
BLOCDAVMD1,3,71,raccoon,2016-08-10,3:43,1,
BLOCDAVMD1,3,71,raccoon,2016-08-10,5:54,1,
BLOCDAVMD1,3,71,raccoon,2016-08-12,4:11,2,
BLOCDAVMD1,3,71,raccoon,2016-08-12,4:20,1,
BRIGKIMMD1,1,39,dog,2016-06-09,12:43,1,
BRIGKIMMD1,1,39,dog,2016-06-09,13:16,1,
BRIGKIMMD1,1,39,dog,2016-06-09,13:57,1,
BRIGKIMMD1,1,39,dog,2016-06-09,17:42,1,
BRIGKIMMD1,1,39,dog,2016-06-09,18:20,1,
BRIGKIMMD1,1,39,dog,2016-06-09,19:11,1,
BRIGKIMMD1,1,39,dog,2016-06-09,19:16,1,
BRIGKIMMD1,1,39,dog,2016-06-10,5:51,1,
BRIGKIMMD1,1,39,dog,2016-06-10,5:54,1,
BRIGKIMMD1,1,39,squirrel,2016-06-10,9:46,1,
BRIGKIMMD1,1,39,dog,2016-06-10,11:49,1,
BRIGKIMMD1,1,39,dog,2016-06-10,15:07,1,
BRIGKIMMD1,1,39,dog,2016-06-10,15:10,1,
BRIGKIMMD1,1,39,dog,2016-06-10,15:19,1,
BRIGKIMMD1,1,39,dog,2016-06-10,17:49,1,
BRIGKIMMD1,1,39,dog,2016-06-10,19:57,1,
BRIGKIMMD1,1,39,dog,2016-06-10,20:00,1,
BRIGKIMMD1,1,39,dog,2016-06-10,20:05,1,
BRIGKIMMD1,1,39,dog,2016-06-10,20:12,1,
BRIGKIMMD1,1,39,dog,2016-06-10,20:16,1,
BRIGKIMMD1,1,39,dog,2016-06-10,20:18,2,
BRIGKIMMD1,1,39,dog,2016-06-10,20:24,1,
BRIGKIMMD1,1,39,dog,2016-06-10,20:27,1,
BRIGKIMMD1,1,39,dog,2016-06-11,6:57,2,
BRIGKIMMD1,1,39,,2016-06-11,13:05,1,
BRIGKIMMD1,1,39,,2016-06-11,21:28,1,
BRIGKIMMD1,1,39,,2016-06-12,8:08,1,
BRIGKIMMD1,1,39,squirrel,2016-06-13,8:54,1,
BRIGKIMMD1,1,39,squirrel,2016-06-13,12:11,1,
BRIGKIMMD1,1,39,squirrel,2016-06-13,12:20,1,
BRIGKIMMD1,1,39,dog,2016-06-13,14:08,1,
BRIGKIMMD1,1,39,dog,2016-06-13,15:54,1,
BRIGKIMMD1,1,39,dog,2016-06-13,15:58,1,
BRIGKIMMD1,1,39,dog,2016-06-13,16:01,1,
BRIGKIMMD1,1,39,dog,2016-06-13,16:22,2,
BRIGKIMMD1,1,39,dog,2016-06-13,16:25,1,
BRIGKIMMD1,1,39,dog,2016-06-13,16:29,1,
BRIGKIMMD1,1,39,dog,2016-06-13,16:32,1,
BRIGKIMMD1,1,39,dog,2016-06-13,18:22,1,
BRIGKIMMD1,1,39,dog,2016-06-13,18:48,2,
BRIGKIMMD1,1,39,dog,2016-06-13,20:41,2,
BRIGKIMMD1,1,39,dog,2016-06-13,21:09,1,
BRIGKIMMD1,1,39,dog,2016-06-14,4:47,1,
BRIGKIMMD1,1,39,dog,2016-06-14,12:05,2,
BRIGKIMMD1,1,39,dog,2016-06-14,17:22,1,
BRIGKIMMD1,1,39,dog,2016-06-14,17:32,1,
BRIGKIMMD1,1,39,dog,2016-06-14,18:22,1,
BRIGKIMMD1,1,39,dog,2016-06-14,21:35,1,
BRIGKIMMD1,1,39,dog,2016-06-15,4:27,2,
BRIGKIMMD1,1,39,dog,2016-06-15,16:35,1,
BRIGKIMMD1,1,39,dog,2016-06-15,16:41,2,
BRIGKIMMD1,1,39,dog,2016-06-15,17:28,1,
BRIGKIMMD1,1,39,dog,2016-06-15,17:47,2,
BRIGKIMMD1,1,39,dog,2016-06-15,19:09,1,
BRIGKIMMD1,1,39,dog,2016-06-15,20:35,1,
BRIGKIMMD1,1,39,dog,2016-06-15,21:35,1,
BRIGKIMMD1,1,55,squirrel,2016-07-05,15:19,1,
BRIGKIMMD1,1,55,dog,2016-07-05,15:53,1,
BRIGKIMMD1,1,55,dog,2016-07-05,17:11,1,
BRIGKIMMD1,2,55,dog,2016-07-05,19:02,1,
BRIGKIMMD1,2,55,dog,2016-07-05,19:45,2,
BRIGKIMMD1,2,55,dog,2016-07-05,20:06,1,
BRIGKIMMD1,2,55,rat,2016-07-06,2:23,1,
BRIGKIMMD1,2,55,squirrel,2016-07-06,7:43,1,
BRIGKIMMD1,2,55,squirrel,2016-07-06,9:35,1,
BRIGKIMMD1,2,55,squirrel,2016-07-06,10:05,1,
BRIGKIMMD1,2,55,squirrel,2016-07-06,10:10,2,
BRIGKIMMD1,2,55,squirrel,2016-07-06,10:16,2,
BRIGKIMMD1,2,55,squirrel,2016-07-06,10:20,1,
BRIGKIMMD1,2,55,squirrel,2016-07-06,10:40,1,
BRIGKIMMD1,2,55,squirrel,2016-07-06,14:38,1,
BRIGKIMMD1,2,55,squirrel,2016-07-06,14:45,1,
BRIGKIMMD1,2,55,dog,2016-07-06,17:41,1,
BRIGKIMMD1,2,55,dog,2016-07-06,20:21,1,
BRIGKIMMD1,2,55,Mouse,2016-07-06,23:22,1,
BRIGKIMMD1,2,55,Mouse,2016-07-07,0:31,1,
BRIGKIMMD1,2,55,dog,2016-07-07,4:44,2,
BRIGKIMMD1,2,55,squirrel,2016-07-07,11:37,1,
BRIGKIMMD1,2,55,squirrel,2016-07-07,13:00,1,
BRIGKIMMD1,2,55,dog,2016-07-07,13:17,2,
BRIGKIMMD1,2,55,dog,2016-07-07,13:25,1,
BRIGKIMMD1,2,55,dog,2016-07-07,13:26,2,
BRIGKIMMD1,2,55,squirrel,2016-07-07,14:53,1,
BRIGKIMMD1,2,55,squirrel,2016-07-07,15:12,1,
BRIGKIMMD1,2,55,dog,2016-07-07,20:35,1,
BRIGKIMMD1,2,55,dog,2016-07-08,5:32,2,
BRIGKIMMD1,2,55,dog,2016-07-08,5:34,1,
BRIGKIMMD1,2,55,squirrel,2016-07-08,10:21,1,
BRIGKIMMD1,2,55,dog,2016-07-09,5:58,1,
BRIGKIMMD1,2,55,dog,2016-07-09,7:55,1,
BRIGKIMMD1,2,55,dog,2016-07-09,10:00,1,
BRIGKIMMD1,2,55,dog,2016-07-09,10:33,2,
BRIGKIMMD1,2,55,dog,2016-07-10,7:59,1,
BRIGKIMMD1,2,55,dog,2016-07-10,9:10,1,
BRIGKIMMD1,2,55,dog,2016-07-10,12:14,1,
BRIGKIMMD1,2,55,dog,2016-07-10,12:18,1,
BRIGKIMMD1,2,55,dog,2016-07-10,12:27,1,
BRIGKIMMD1,2,55,dog,2016-07-10,18:58,1,
BRIGKIMMD1,2,55,dog,2016-07-10,19:00,1,
BRIGKIMMD1,2,55,dog,2016-07-10,19:32,1,
BRIGKIMMD1,2,55,dog,2016-07-10,21:28,2,
BRIGKIMMD1,2,55,dog,2016-07-10,21:44,1,
BRIGKIMMD1,2,55,dog,2016-07-11,5:00,1,
BRIGKIMMD1,2,55,squirrel,2016-07-11,16:33,1,
BRIGKIMMD1,2,55,dog,2016-07-11,17:27,1,
BRIGKIMMD1,2,55,dog,2016-07-11,17:35,1,
BRIGKIMMD1,2,55,dog,2016-07-11,17:37,1,
BRIGKIMMD1,2,55,dog,2016-07-11,17:38,2,
BRIGKIMMD1,2,55,dog,2016-07-11,19:53,1,
BRIGKIMMD1,2,55,dog,2016-07-12,4:34,1,
BRIGKIMMD1,3,68,squirrel,2016-08-02,13:20,1,
BRIGKIMMD1,3,68,dog,2016-08-03,6:09,1,
BRIGKIMMD1,3,68,dog,2016-08-03,6:10,1,
BRIGKIMMD1,3,68,squirrel,2016-08-03,8:37,1,
BRIGKIMMD1,3,68,dog,2016-08-03,20:19,1,
BRIGKIMMD1,3,68,dog,2016-08-04,7:20,1,
BRIGKIMMD1,3,68,dog,2016-08-04,18:09,1,
BRIGKIMMD1,3,68,dog,2016-08-04,18:14,2,
BRIGKIMMD1,3,68,dog,2016-08-05,6:33,1,
BRIGKIMMD1,3,68,dog,2016-08-05,6:35,2,
BRIGKIMMD1,3,68,dog,2016-08-05,15:38,2,
BRIGKIMMD1,3,68,dog,2016-08-05,15:42,1,
BRIGKIMMD1,3,68,dog,2016-08-05,15:48,1,
BRIGKIMMD1,3,68,dog,2016-08-05,15:50,1,
BRIGKIMMD1,3,68,dog,2016-08-05,15:53,1,
BRIGKIMMD1,3,68,dog,2016-08-05,15:56,1,
BRIGKIMMD1,3,68,dog,2016-08-05,21:27,1,
BRIGKIMMD1,3,68,dog,2016-08-06,8:12,1,
BRIGKIMMD1,3,68,dog,2016-08-06,19:10,1,
BRIGKIMMD1,3,68,dog,2016-08-07,6:31,1,
BRIGKIMMD1,3,68,squirrel,2016-08-07,15:00,1,
BRIGKIMMD1,3,68,squirrel,2016-08-07,18:09,2,
BRIGKIMMD1,3,68,dog,2016-08-07,21:18,1,
BRIGKIMMD1,3,68,dog,2016-08-08,4:44,2,
BRIGKIMMD1,3,68,dog,2016-08-08,9:27,1,
BRIGKIMMD1,3,68,dog,2016-08-08,11:45,2,
BRIGKIMMD1,3,68,dog,2016-08-08,21:41,1,
BRIGKIMMD1,3,68,dog,2016-08-09,5:07,2,
BRIGKIMMD1,3,68,dog,2016-08-09,5:34,1,
BROWANNDC1,1,68,squirrel,2016-06-15,16:08,1,
BROWANNDC1,1,68,dog,2016-06-15,19:12,1,
BROWANNDC1,1,68,rat,2016-06-15,21:12,1,
BROWANNDC1,1,68,squirrel,2016-06-16,6:19,1,
BROWANNDC1,1,68,squirrel,2016-06-16,7:23,1,
BROWANNDC1,1,68,squirrel,2016-06-16,13:10,1,
BROWANNDC1,1,68,squirrel,2016-06-16,14:51,1,
BROWANNDC1,1,68,squirrel,2016-06-16,14:52,1,
BROWANNDC1,1,68,dog,2016-06-16,16:14,1,
BROWANNDC1,1,68,dog,2016-06-16,16:16,1,
BROWANNDC1,1,68,squirrel,2016-06-17,5:47,1,
BROWANNDC1,1,68,dog,2016-06-17,9:42,1,
BROWANNDC1,1,68,squirrel,2016-06-17,17:57,1,
BROWANNDC1,1,68,rat,2016-06-18,0:32,1,
BROWANNDC1,1,68,squirrel,2016-06-18,7:18,1,
BROWANNDC1,1,68,rat,2016-06-18,11:56,1,
BROWANNDC1,1,68,squirrel,2016-06-18,12:08,1,
BROWANNDC1,1,68,squirrel,2016-06-19,10:47,1,
BROWANNDC1,1,68,dog,2016-06-20,16:13,1,
BROWANNDC1,1,68,dog,2016-06-20,19:45,1,
BROWANNDC1,1,68,dog,2016-06-21,7:38,2,
BROWANNDC1,1,68,squirrel,2016-06-21,10:04,1,
BROWANNDC1,2,60,squirrel,2016-07-15,12:36,1,
BROWANNDC1,2,60,dog,2016-07-16,8:55,1,
BROWANNDC1,2,60,dog,2016-07-17,18:27,1,
BROWANNDC1,3,,,,,,
BROWANNMD1,1,57,fox,2016-06-22,14:09,1,
BROWANNMD1,1,57,squirrel,2016-06-22,17:17,2,
BROWANNMD1,1,57,squirrel,2016-06-22,17:20,2,
BROWANNMD1,1,57,squirrel,2016-06-22,17:40,2,
BROWANNMD1,1,57,squirrel,2016-06-22,17:48,1,
BROWANNMD1,1,57,squirrel,2016-06-23,9:58,1,
BROWANNMD1,1,57,squirrel,2016-06-23,10:50,2,
BROWANNMD1,1,57,squirrel,2016-06-23,10:51,3,
BROWANNMD1,1,57,squirrel,2016-06-23,10:58,1,
BROWANNMD1,1,57,squirrel,2016-06-23,11:26,1,
BROWANNMD1,1,57,squirrel,2016-06-23,12:48,1,
BROWANNMD1,1,57,squirrel,2016-06-23,12:58,1,
BROWANNMD1,1,57,squirrel,2016-06-23,13:11,1,
BROWANNMD1,1,57,squirrel,2016-06-23,13:29,1,
BROWANNMD1,1,57,squirrel,2016-06-23,13:53,2,
BROWANNMD1,1,57,squirrel,2016-06-23,13:56,1,
BROWANNMD1,1,57,squirrel,2016-06-23,14:09,1,
BROWANNMD1,1,57,squirrel,2016-06-23,14:23,2,
BROWANNMD1,1,57,squirrel,2016-06-23,14:26,2,
BROWANNMD1,1,57,squirrel,2016-06-23,14:29,1,
BROWANNMD1,1,57,squirrel,2016-06-23,15:14,2,
BROWANNMD1,1,57,squirrel,2016-06-23,15:22,3,
BROWANNMD1,1,57,squirrel,2016-06-23,15:24,1,
BROWANNMD1,1,57,squirrel,2016-06-23,18:06,1,
BROWANNMD1,1,57,squirrel,2016-06-24,7:38,1,
BROWANNMD1,1,57,squirrel,2016-06-24,8:18,1,
BROWANNMD1,1,57,squirrel,2016-06-24,11:06,1,
BROWANNMD1,1,57,squirrel,2016-06-24,11:18,1,
BROWANNMD1,1,57,squirrel,2016-06-24,11:23,1,
BROWANNMD1,1,57,squirrel,2016-06-24,13:30,1,
BROWANNMD1,1,57,squirrel,2016-06-24,16:36,1,
BROWANNMD1,1,57,squirrel,2016-06-24,16:39,1,
BROWANNMD1,1,57,squirrel,2016-06-24,17:10,2,
BROWANNMD1,1,57,squirrel,2016-06-24,17:13,1,
BROWANNMD1,1,57,squirrel,2016-06-25,6:55,1,
BROWANNMD1,1,57,squirrel,2016-06-25,7:12,2,
BROWANNMD1,1,57,squirrel,2016-06-25,7:13,2,
BROWANNMD1,1,57,squirrel,2016-06-25,7:16,1,
BROWANNMD1,1,57,squirrel,2016-06-25,7:23,1,
BROWANNMD1,1,57,squirrel,2016-06-25,7:30,2,
BROWANNMD1,1,57,squirrel,2016-06-25,7:32,2,
BROWANNMD1,1,57,squirrel,2016-06-25,7:35,1,
BROWANNMD1,1,57,squirrel,2016-06-25,7:43,1,
BROWANNMD1,1,57,squirrel,2016-06-25,7:46,1,
BROWANNMD1,1,57,squirrel,2016-06-25,7:48,1,
BROWANNMD1,1,57,squirrel,2016-06-25,7:49,1,
BROWANNMD1,1,57,squirrel,2016-06-25,7:55,1,
BROWANNMD1,1,57,squirrel,2016-06-25,8:03,1,
BROWANNMD1,1,57,squirrel,2016-06-25,8:14,2,
BROWANNMD1,1,57,squirrel,2016-06-25,8:17,2,
BROWANNMD1,1,57,squirrel,2016-06-25,8:19,2,
BROWANNMD1,1,57,squirrel,2016-06-25,8:22,1,
BROWANNMD1,1,57,squirrel,2016-06-25,8:24,2,
BROWANNMD1,1,57,squirrel,2016-06-25,8:26,1,
BROWANNMD1,1,57,squirrel,2016-06-25,8:27,3,
BROWANNMD1,1,57,squirrel,2016-06-25,8:32,3,
BROWANNMD1,1,57,squirrel,2016-06-25,8:49,1,
BROWANNMD1,1,57,squirrel,2016-06-25,9:16,2,
BROWANNMD1,1,57,squirrel,2016-06-25,9:18,1,
BROWANNMD1,1,57,squirrel,2016-06-25,9:21,2,
BROWANNMD1,1,57,squirrel,2016-06-25,9:24,1,
BROWANNMD1,1,57,squirrel,2016-06-25,9:31,1,
BROWANNMD1,1,57,squirrel,2016-06-25,9:42,2,
BROWANNMD1,1,57,squirrel,2016-06-25,9:54,1,
BROWANNMD1,1,57,squirrel,2016-06-25,10:01,1,
BROWANNMD1,1,57,squirrel,2016-06-25,10:11,1,
BROWANNMD1,1,57,squirrel,2016-06-25,10:14,1,
BROWANNMD1,1,57,squirrel,2016-06-25,10:55,2,
BROWANNMD1,1,57,squirrel,2016-06-25,11:01,1,
BROWANNMD1,1,57,squirrel,2016-06-25,11:07,3,
BROWANNMD1,1,57,squirrel,2016-06-25,11:13,3,
BROWANNMD1,1,57,squirrel,2016-06-25,11:17,3,
BROWANNMD1,1,57,squirrel,2016-06-25,11:25,1,
BROWANNMD1,1,57,squirrel,2016-06-25,11:32,1,
BROWANNMD1,1,57,squirrel,2016-06-25,11:37,1,
BROWANNMD1,1,57,squirrel,2016-06-25,11:42,1,
BROWANNMD1,1,57,squirrel,2016-06-25,13:38,1,
BROWANNMD1,1,57,squirrel,2016-06-25,14:18,1,
BROWANNMD1,1,57,squirrel,2016-06-25,14:25,1,
BROWANNMD1,1,57,squirrel,2016-06-25,14:28,1,
BROWANNMD1,1,57,squirrel,2016-06-25,14:30,1,
BROWANNMD1,1,57,squirrel,2016-06-25,14:39,1,
BROWANNMD1,1,57,squirrel,2016-06-25,16:43,1,
BROWANNMD1,1,57,squirrel,2016-06-25,16:53,1,
BROWANNMD1,1,57,squirrel,2016-06-25,17:18,1,
BROWANNMD1,1,57,squirrel,2016-06-25,17:21,2,
BROWANNMD1,1,57,squirrel,2016-06-25,17:28,2,
BROWANNMD1,1,57,squirrel,2016-06-25,17:37,1,
BROWANNMD1,1,57,raccoon,2016-06-26,3:51,1,
BROWANNMD1,1,57,squirrel,2016-06-26,6:30,2,
BROWANNMD1,1,57,squirrel,2016-06-26,6:55,2,
BROWANNMD1,1,57,squirrel,2016-06-26,6:56,1,
BROWANNMD1,1,57,squirrel,2016-06-26,7:23,1,
BROWANNMD1,1,57,squirrel,2016-06-26,7:26,1,
BROWANNMD1,1,57,squirrel,2016-06-26,7:32,2,
BROWANNMD1,1,57,squirrel,2016-06-26,7:35,2,
BROWANNMD1,1,57,squirrel,2016-06-26,7:37,2,
BROWANNMD1,1,57,squirrel,2016-06-26,7:48,1,
BROWANNMD1,1,57,squirrel,2016-06-26,7:53,1,
BROWANNMD1,1,57,squirrel,2016-06-26,7:57,1,
BROWANNMD1,1,57,squirrel,2016-06-26,8:05,1,
BROWANNMD1,1,57,squirrel,2016-06-26,8:13,2,
BROWANNMD1,1,57,squirrel,2016-06-26,8:16,1,
BROWANNMD1,1,57,squirrel,2016-06-26,8:29,1,
BROWANNMD1,1,57,squirrel,2016-06-26,8:31,2,
BROWANNMD1,1,57,squirrel,2016-06-26,9:03,1,
BROWANNMD1,1,57,squirrel,2016-06-26,9:18,1,
BROWANNMD1,1,57,squirrel,2016-06-26,9:21,1,
BROWANNMD1,1,57,squirrel,2016-06-26,9:23,2,
BROWANNMD1,1,57,squirrel,2016-06-26,9:29,3,
BROWANNMD1,1,57,squirrel,2016-06-26,9:35,1,
BROWANNMD1,1,57,squirrel,2016-06-26,9:56,1,
BROWANNMD1,1,57,squirrel,2016-06-26,10:16,2,
BROWANNMD1,1,57,squirrel,2016-06-26,10:24,2,
BROWANNMD1,1,57,squirrel,2016-06-26,10:36,1,
BROWANNMD1,1,57,squirrel,2016-06-26,10:41,1,
BROWANNMD1,1,57,squirrel,2016-06-26,10:49,2,
BROWANNMD1,1,57,squirrel,2016-06-26,10:54,3,
BROWANNMD1,1,57,squirrel,2016-06-26,11:19,1,
BROWANNMD1,1,57,squirrel,2016-06-26,11:37,1,
BROWANNMD1,1,57,squirrel,2016-06-26,12:14,1,
BROWANNMD1,1,57,squirrel,2016-06-26,12:24,1,
BROWANNMD1,1,57,squirrel,2016-06-26,12:27,1,
BROWANNMD1,1,57,squirrel,2016-06-26,12:44,1,
BROWANNMD1,1,57,squirrel,2016-06-26,12:50,1,
BROWANNMD1,1,57,squirrel,2016-06-26,14:57,1,
BROWANNMD1,1,57,squirrel,2016-06-26,16:13,2,
BROWANNMD1,1,57,squirrel,2016-06-26,16:15,2,
BROWANNMD1,1,57,squirrel,2016-06-26,16:29,3,
BROWANNMD1,1,57,squirrel,2016-06-26,14:31,2,
BROWANNMD1,1,57,squirrel,2016-06-26,16:49,3,
BROWANNMD1,1,57,squirrel,2016-06-26,16:54,1,
BROWANNMD1,1,57,squirrel,2016-06-26,17:26,1,
BROWANNMD1,1,57,squirrel,2016-06-27,7:14,1,
BROWANNMD1,1,57,squirrel,2016-06-27,7:47,1,
BROWANNMD1,1,57,squirrel,2016-06-27,8:25,1,
BROWANNMD1,1,57,squirrel,2016-06-27,8:31,1,
BROWANNMD1,1,57,squirrel,2016-06-27,8:33,2,
BROWANNMD1,1,57,squirrel,2016-06-27,8:46,1,
BROWANNMD1,1,57,squirrel,2016-06-27,9:03,1,
BROWANNMD1,1,57,squirrel,2016-06-27,9:42,1,
BROWANNMD1,1,57,squirrel,2016-06-27,10:11,1,
BROWANNMD1,1,57,squirrel,2016-06-27,10:24,2,
BROWANNMD1,1,57,squirrel,2016-06-27,10:26,2,
BROWANNMD1,1,57,squirrel,2016-06-27,10:29,2,
BROWANNMD1,1,57,squirrel,2016-06-27,10:38,3,
BROWANNMD1,1,57,squirrel,2016-06-27,10:53,2,
BROWANNMD1,1,57,squirrel,2016-06-27,11:06,2,
BROWANNMD1,2,69,squirrel,2016-07-05,8:13,1,
BROWANNMD1,2,69,squirrel,2016-07-05,8:21,1,
BROWANNMD1,2,69,squirrel,2016-07-05,8:22,1,
BROWANNMD1,2,69,squirrel,2016-07-05,8:25,1,
BROWANNMD1,2,69,squirrel,2016-07-05,8:28,1,
BROWANNMD1,2,69,squirrel,2016-07-05,8:34,2,
BROWANNMD1,2,69,squirrel,2016-07-05,8:37,1,
BROWANNMD1,2,69,squirrel,2016-07-05,8:41,2,
BROWANNMD1,2,69,squirrel,2016-07-05,8:55,1,
BROWANNMD1,2,69,squirrel,2016-07-05,9:00,1,
BROWANNMD1,2,69,squirrel,2016-07-05,9:22,1,
BROWANNMD1,2,69,squirrel,2016-07-05,9:27,1,
BROWANNMD1,2,69,squirrel,2016-07-05,9:37,2,
BROWANNMD1,2,69,squirrel,2016-07-05,9:39,2,
BROWANNMD1,2,69,squirrel,2016-07-05,9:40,1,
BROWANNMD1,2,69,squirrel,2016-07-05,9:42,2,
BROWANNMD1,2,69,squirrel,2016-07-05,10:11,1,
BROWANNMD1,2,69,squirrel,2016-07-05,10:57,1,
BROWANNMD1,2,69,squirrel,2016-07-05,12:07,1,
BROWANNMD1,2,69,squirrel,2016-07-05,17:08,1,
BROWANNMD1,2,69,squirrel,2016-07-06,7:30,1,
BROWANNMD1,2,69,squirrel,2016-07-07,8:27,1,
BROWANNMD1,2,69,squirrel,2016-07-07,8:40,1,
BROWANNMD1,2,69,squirrel,2016-07-10,7:51,2,
BROWANNMD1,2,69,squirrel,2016-07-10,8:08,1,
BROWANNMD1,2,69,squirrel,2016-07-10,8:11,1,
BROWANNMD1,2,69,squirrel,2016-07-10,8:49,1,
BROWANNMD1,2,69,squirrel,2016-07-10,9:26,1,
BROWANNMD1,2,69,squirrel,2016-07-10,9:35,1,
BROWANNMD1,2,69,squirrel,2016-07-11,12:45,2,
BROWANNMD1,2,69,squirrel,2016-07-11,12:58,2,
BROWANNMD1,2,69,squirrel,2016-07-11,13:00,1,
BROWANNMD1,2,69,squirrel,2016-07-11,13:17,1,
BROWANNMD1,2,69,squirrel,2016-07-11,17:06,2,
BROWANNMD1,2,69,squirrel,2016-07-11,17:08,1,
BROWANNMD1,2,69,squirrel,2016-07-12,7:14,1,
BROWANNMD1,2,69,squirrel,2016-07-12,7:15,1,
BROWANNMD1,2,69,squirrel,2016-07-12,7:23,2,
BROWANNMD1,2,69,squirrel,2016-07-12,7:25,1,
BROWANNMD1,2,69,squirrel,2016-07-12,8:09,1,
BROWANNMD1,2,69,squirrel,2016-07-12,8:31,2,
BROWANNMD1,2,69,squirrel,2016-07-12,8:34,1,
BROWANNMD1,2,69,squirrel,2016-07-12,8:35,1,
BROWANNMD1,2,69,squirrel,2016-07-12,8:37,1,
BROWANNMD1,2,69,squirrel,2016-07-12,8:41,2,
BROWANNMD1,2,69,squirrel,2016-07-12,9:56,1,
BROWANNMD1,3,51,squirrel,2016-08-02,10:56,1,
BROWANNMD1,3,51,squirrel,2016-08-03,7:49,1,
BROWANNMD1,3,51,squirrel,2016-08-04,17:47,1,
BROWANNMD1,3,51,fox,2016-08-05,4:59,1,
BROWANNMD1,3,51,fox,2016-08-05,5:08,1,
BROWANNMD1,3,51,squirrel,2016-08-05,7:27,1,
BROWANNMD1,3,51,squirrel,2016-08-06,6:51,1,
BROWANNMD1,3,51,squirrel,2016-08-06,8:42,1,
BROWANNMD1,3,51,squirrel,2016-08-06,9:04,1,
BROWANNMD1,3,51,squirrel,2016-08-06,9:44,1,
BROWANNMD1,3,51,squirrel,2016-08-06,10:46,1,
BROWANNMD1,3,51,squirrel,2016-08-06,12:32,2,
BROWANNMD1,3,51,squirrel,2016-08-06,12:39,1,
BROWANNMD1,3,51,squirrel,2016-08-06,13:47,1,
BROWANNMD1,3,51,squirrel,2016-08-06,4:46,1,
BROWANNMD1,3,51,squirrel,2016-08-06,4:49,1,
BROWANNMD1,3,51,fox,2016-08-07,4:37,1,
BROWANNMD1,3,51,squirrel,2016-08-07,6:40,1,
BROWANNMD1,3,51,squirrel,2016-08-07,7:05,1,
BROWANNMD1,3,51,squirrel,2016-08-07,8:50,1,
BROWANNMD1,3,51,squirrel,2016-08-07,11:19,1,
BROWANNMD1,3,51,squirrel,2016-08-07,13:48,2,
BROWANNMD1,3,51,squirrel,2016-08-07,17:14,2,
BROWANNMD1,3,51,squirrel,2016-08-07,17:19,1,
BROWANNMD1,3,51,squirrel,2016-08-07,17:29,1,
BROWANNMD1,3,51,squirrel,2016-08-07,18:58,1,
BROWANNMD1,3,51,squirrel,2016-08-08,7:55,2,
BROWANNMD1,3,51,squirrel,2016-08-08,7:58,2,
BROWANNMD1,3,51,squirrel,2016-08-08,8:01,2,
BROWANNMD1,3,51,squirrel,2016-08-08,8:03,1,
BROWANNMD1,3,51,squirrel,2016-08-08,8:10,1,
BROWANNMD1,3,51,squirrel,2016-08-08,9:01,1,
BROWANNMD1,3,51,squirrel,2016-08-08,9:27,2,
BROWANNMD1,3,51,squirrel,2016-08-08,9:48,1,
BROWANNMD1,3,51,squirrel,2016-08-08,11:30,1,
BROWANNMD1,3,51,squirrel,2016-08-08,14:07,1,
BROWANNMD1,3,51,squirrel,2016-08-08,17:22,1,
BROWANNMD1,3,51,squirrel,2016-08-09,7:40,1,
BUISNORVA1,1,63,squirrel,2016-06-06,18:32,1,
BUISNORVA1,1,63,squirrel,2016-06-06,18:44,1,
BUISNORVA1,1,63,chipmunk,2016-06-07,12:47,1,
BUISNORVA1,1,63,squirrel,2016-06-07,18:42,1,
BUISNORVA1,1,63,raccoon,2016-06-07,21:10,1,
BUISNORVA1,1,63,mouse,2016-06-08,3:59,1,
BUISNORVA1,1,63,squirrel,2016-06-08,9:37,1,
BUISNORVA1,1,63,squirrel,2016-06-08,13:12,2,
BUISNORVA1,1,63,squirrel,2016-06-08,14:17,1,
BUISNORVA1,1,63,squirrel,2016-06-08,17:49,1,
BUISNORVA1,1,63,raccoon,2016-06-08,20:58,1,
BUISNORVA1,1,63,raccoon,2016-06-08,23:35,1,
BUISNORVA1,1,63,raccoon,2016-06-09,1:11,1,
BUISNORVA1,1,63,squirrel,2016-06-09,8:38,1,
BUISNORVA1,1,63,chipmunk,2016-06-09,8:45,1,
BUISNORVA1,1,63,chipmunk,2016-06-09,9:45,1,
BUISNORVA1,1,63,fox,2016-06-09,14:27,1,
BUISNORVA1,1,63,squirrel,2016-06-09,19:22,1,
BUISNORVA1,1,63,raccoon,2016-06-09,21:12,1,
BUISNORVA1,1,63,squirrel,2016-06-10,12:02,1,
BUISNORVA1,1,63,squirrel,2016-06-10,14:51,1,
BUISNORVA1,1,63,squirrel,2016-06-11,16:01,1,
BUISNORVA1,1,63,squirrel,2016-06-11,19:21,1,
BUISNORVA1,1,63,squirrel,2016-06-12,10:54,1,
BUISNORVA1,2,63,raccoon,2016-07-25,20:37,1,
BUISNORVA1,2,63,squirrel,2016-07-27,19:27,1,
BUISNORVA1,2,63,raccoon,2016-07-28,1:33,1,
BUISNORVA1,2,63,squirrel,2016-07-29,12:35,1,
BUISNORVA1,2,63,squirrel,2016-07-29,17:16,1,
BUISNORVA1,2,63,squirrel,2016-07-29,17:58,1,
BUISNORVA1,3,33,squirrel,2016-08-08,12:14,1,
BUISNORVA1,3,33,raccoon,2016-08-09,4:34,1,
BUISNORVA1,3,33,raccoon,2016-08-09,5:09,1,
BUISNORVA1,3,33,raccoon,2016-08-09,5:11,1,
BUISNORVA1,3,33,squirrel,2016-08-09,8:48,1,
BUISNORVA1,3,33,squirrel,2016-08-09,13:07,1,
BUISNORVA1,3,33,raccoon,2016-08-10,3:39,1,
BUISNORVA1,3,33,squirrel,2016-08-11,11:13,1,
BUISNORVA1,3,33,squirrel,2016-08-11,18:57,1,
BUISNORVA1,3,33,squirrel,2016-08-12,12:38,1,
BUISNORVA1,3,33,chipmunk,2016-08-13,6:38,1,
BUISNORVA1,3,33,squirrel,2016-08-14,19:32,1,
BURDROBVA1,1,51,squirrel,2016-06-13,15:24,2,
BURDROBVA1,1,51,squirrel,2016-06-13,15:43,2,
BURDROBVA1,1,51,fox,2016-06-14,0:41,1,
BURDROBVA1,1,51,squirrel,2016-06-14,11:38,1,
BURDROBVA1,1,51,squirrel,2016-06-14,17:47,2,
BURDROBVA1,1,51,squirrel,2016-06-14,18:17,1,
BURDROBVA1,1,51,squirrel,2016-06-14,18:45,1,
BURDROBVA1,1,51,squirrel,2016-06-14,19:07,3,
BURDROBVA1,1,51,fox,2016-06-15,3:12,1,
BURDROBVA1,1,51,fox,2016-06-15,3:21,1,
BURDROBVA1,1,51,fox,2016-06-15,3:23,1,
BURDROBVA1,1,51,squirrel,2016-06-15,11:16,1,
BURDROBVA1,1,51,squirrel,2016-06-15,11:27,1,
BURDROBVA1,1,51,squirrel,2016-06-15,17:31,1,
BURDROBVA1,1,51,squirrel,2016-06-15,17:52,1,
BURDROBVA1,1,51,fox,2016-06-16,0:00,1,
BURDROBVA1,1,51,fox,2016-06-16,1:13,1,
BURDROBVA1,1,51,raccoon,2016-06-16,2:02,2,
BURDROBVA1,1,51,fox,2016-06-16,4:08,1,
BURDROBVA1,1,51,squirrel,2016-06-16,11:44,1,
BURDROBVA1,1,51,squirrel,2016-06-16,12:36,3,
BURDROBVA1,1,51,chipmunk,2016-06-16,12:36,1,
BURDROBVA1,1,51,squirrel,2016-06-16,13:13,3,
BURDROBVA1,1,51,squirrel,2016-06-16,15:54,3,
BURDROBVA1,1,51,chipmunk,2016-06-16,15:54,1,
BURDROBVA1,1,51,squirrel,2016-06-16,20:04,4,
BURDROBVA1,1,51,chipmunk,2016-06-16,20:04,1,
BURDROBVA1,1,51,dog,2016-06-17,8:14,1,
BURDROBVA1,1,51,squirrel,2016-06-17,8:46,3,
BURDROBVA1,1,51,squirrel,2016-06-17,10:50,2,
BURDROBVA1,1,51,squirrel,2016-06-17,11:29,2,
BURDROBVA1,1,51,squirrel,2016-06-17,11:39,2,
BURDROBVA1,1,51,squirrel,2016-06-17,11:50,3,
BURDROBVA1,1,51,squirrel,2016-06-17,11:56,1,
BURDROBVA1,1,51,squirrel,2016-06-17,13:55,4,
BURDROBVA1,1,51,squirrel,2016-06-17,15:56,3,
BURDROBVA1,1,51,squirrel,2016-06-17,16:23,4,
BURDROBVA1,1,51,squirrel,2016-06-17,16:57,4,
BURDROBVA1,1,51,squirrel,2016-06-17,17:34,3,
BURDROBVA1,1,51,squirrel,2016-06-17,17:58,3,
BURDROBVA1,1,51,squirrel,2016-06-17,18:27,3,
BURDROBVA1,1,51,squirrel,2016-06-17,18:50,6,
BURDROBVA1,1,51,fox,2016-06-18,0:09,1,
BURDROBVA1,1,51,squirrel,2016-06-18,7:47,4,
BURDROBVA1,1,51,squirrel,2016-06-18,7:52,2,
BURDROBVA1,1,51,squirrel,2016-06-18,7:55,5,
BURDROBVA1,1,51,squirrel,2016-06-18,8:09,2,
BURDROBVA1,1,51,squirrel,2016-06-18,9:53,2,
BURDROBVA1,1,51,dog,2016-06-18,11:00,1,
BURDROBVA1,1,51,squirrel,2016-06-18,11:00,1,
BURDROBVA1,1,51,dog,2016-06-18,11:03,1,
BURDROBVA1,1,51,squirrel,2016-06-18,16:45,4,
BURDROBVA1,1,51,squirrel,2016-06-18,17:30,4,
BURDROBVA1,1,51,squirrel,2016-06-18,17:43,4,
BURDROBVA1,1,51,squirrel,2016-06-18,18:29,3,
BURDROBVA1,1,51,squirrel,2016-06-18,18:36,4,
BURDROBVA1,1,51,squirrel,2016-06-18,19:32,1,
BURDROBVA1,1,51,fox,2016-06-18,21:44,1,
BURDROBVA1,1,51,squirrel,2016-06-19,8:59,2,
BURDROBVA1,1,51,dog,2016-06-19,9:18,1,
BURDROBVA1,1,51,squirrel,2016-06-19,9:36,2,
BURDROBVA1,1,51,squirrel,2016-06-19,9:59,4,
BURDROBVA1,1,51,squirrel,2016-06-19,11:53,4,
BURDROBVA1,1,51,squirrel,2016-06-19,13:28,4,
BURDROBVA1,1,51,squirrel,2016-06-19,13:43,1,
BURDROBVA1,1,51,squirrel,2016-06-19,17:26,3,
BURDROBVA1,1,51,squirrel,2016-06-19,17:42,1,
BURDROBVA1,1,51,squirrel,2016-06-19,17:57,2,
BURDROBVA1,1,51,raccoon,2016-06-19,22:10,3,
BURDROBVA1,1,51,squirrel,2016-06-20,7:24,1,
BURDROBVA1,1,51,dog,2016-06-20,9:15,1,
BURDROBVA1,2,73,dog,2016-07-20,7:08,1,
BURDROBVA1,2,73,squirrel,2016-07-21,14:10,1,
BURDROBVA1,2,73,squirrel,2016-07-22,7:27,4,
BURDROBVA1,2,73,squirrel,2016-07-24,19:13,1,
BURDROBVA1,3,,,,,,
CAMPGLOMD1,1,39,squirrel,2016-06-17,12:34,1,
CAMPGLOMD1,1,39,squirrel,2016-06-17,12:40,1,
CAMPGLOMD1,1,39,squirrel,2016-06-17,12:49,1,
CAMPGLOMD1,1,39,squirrel,2016-06-17,12:51,2,
CAMPGLOMD1,1,39,squirrel,2016-06-17,12:53,2,
CAMPGLOMD1,1,39,squirrel,2016-06-17,13:14,2,
CAMPGLOMD1,1,39,squirrel,2016-06-17,13:16,3,
CAMPGLOMD1,1,39,squirrel,2016-06-17,14:57,2,
CAMPGLOMD1,1,39,squirrel,2016-06-17,15:43,1,
CAMPGLOMD1,1,39,squirrel,2016-06-17,16:41,1,
CAMPGLOMD1,1,39,squirrel,2016-06-17,18:09,1,
CAMPGLOMD1,1,39,raccoon,2016-06-18,22:17,1,
CAMPGLOMD1,1,39,squirrel,2016-06-20,14:50,1,
CAMPGLOMD1,1,39,raccoon,2016-06-21,1:19,1,
CAMPGLOMD1,1,39,raccoon,2016-06-21,3:53,1,
CAMPGLOMD1,1,39,squirrel,2016-06-22,13:36,1,
CAMPGLOMD1,1,39,squirrel,2016-06-23,13:04,1,
CAMPGLOMD1,1,39,squirrel,2016-06-23,13:07,3,
CAMPGLOMD1,1,39,squirrel,2016-06-23,13:15,1,
CAMPGLOMD1,2,57,dog,2016-07-06,20:56,1,
CAMPGLOMD1,2,57,dog,2016-07-06,21:07,1,
CAMPGLOMD1,2,57,raccoon,2016-07-07,0:58,1,
CAMPGLOMD1,2,57,fox,2016-07-07,2:16,1,
CAMPGLOMD1,2,57,fox,2016-07-07,3:24,1,
CAMPGLOMD1,2,57,squirrel,2016-07-07,9:44,4,
CAMPGLOMD1,2,57,squirrel,2016-07-07,10:22,1,
CAMPGLOMD1,2,57,squirrel,2016-07-07,10:27,1,
CAMPGLOMD1,2,57,squirrel,2016-07-08,12:18,3,
CAMPGLOMD1,2,57,squirrel,2016-07-08,12:41,1,
CAMPGLOMD1,2,57,squirrel,2016-07-08,12:43,2,
CAMPGLOMD1,2,57,squirrel,2016-07-08,12:55,1,
CAMPGLOMD1,2,57,squirrel,2016-07-08,13:54,2,
CAMPGLOMD1,2,57,squirrel,2016-07-08,18:19,3,
CAMPGLOMD1,2,57,squirrel,2016-07-09,14:28,1,
CAMPGLOMD1,2,57,squirrel,2016-07-09,19:05,2,
CAMPGLOMD1,2,57,cat,2016-07-10,1:45,1,Greg
CAMPGLOMD1,2,57,squirrel,2016-07-10,8:23,3,
CAMPGLOMD1,2,57,squirrel,2016-07-10,8:50,3,
CAMPGLOMD1,2,57,squirrel,2016-07-10,8:59,1,
CAMPGLOMD1,2,57,squirrel,2016-07-10,9:37,3,
CAMPGLOMD1,2,57,squirrel,2016-07-10,12:30,1,
CAMPGLOMD1,2,57,squirrel,2016-07-10,15:08,2,
CAMPGLOMD1,2,57,squirrel,2016-07-10,15:17,2,
CAMPGLOMD1,2,57,squirrel,2016-07-10,16:34,4,
CAMPGLOMD1,2,57,squirrel,2016-07-13,6:43,1,
CAMPGLOMD1,2,57,squirrel,2016-07-13,8:00,3,
CAMPGLOMD1,3,69,squirrel,2016-08-02,14:40,2,
CAMPGLOMD1,3,69,fox,2016-08-02,22:55,1,
CAMPGLOMD1,3,69,fox,2016-08-03,4:31,1,
CAMPGLOMD1,3,69,fox,2016-08-04,0:52,1,
CAMPGLOMD1,3,69,squirrel,2016-08-04,11:29,1,
CAMPGLOMD1,3,69,fox,2016-08-04,21:36,1,
CAMPGLOMD1,3,69,fox,2016-08-05,0:15,1,
CAMPGLOMD1,3,69,fox,2016-08-05,23:03,1,
CAMPGLOMD1,3,69,squirrel,2016-08-06,12:08,1,
CAMPGLOMD1,3,69,squirrel,2016-08-06,12:10,1,
CAMPGLOMD1,3,69,squirrel,2016-08-06,12:27,1,
CAMPGLOMD1,3,69,opossum,2016-08-07,2:08,1,
CAMPGLOMD1,3,69,fox,2016-08-07,2:31,1,
CAMPGLOMD1,3,69,squirrel,2016-08-07,8:46,1,
CAMPGLOMD1,3,69,squirrel,2016-08-07,10:29,2,
CAMPGLOMD1,3,69,fox,2016-08-08,0:29,1,
CAMPGLOMD1,3,69,opossum,2016-08-08,2:00,1,
CAMPGLOMD1,3,69,squirrel,2016-08-08,15:14,2,
CAMPGLOMD1,3,69,squirrel,2016-08-08,16:04,2,
CAMPGLOMD1,3,69,opossum,2016-08-08,22:11,1,
CAMPROSMD1,1,69,squirrel,2016-06-21,8:59,1,
CAMPROSMD1,1,69,squirrel,2016-06-22,16:55,1,
CAMPROSMD1,1,69,raccoon,2016-06-23,21:42,1,
CAMPROSMD1,1,69,raccoon,2016-06-25,4:35,1,
CAMPROSMD1,1,69,raccoon,2016-06-26,4:13,1,
CAMPROSMD1,1,69,raccoon,2016-06-26,4:24,1,
CAMPROSMD1,2,63,raccoon,2016-07-15,21:23,2,
CAMPROSMD1,2,63,raccoon,2016-07-15,21:51,1,
CAMPROSMD1,2,63,raccoon,2016-07-15,21:58,1,
CAMPROSMD1,2,63,raccoon,2016-07-16,5:45,3,
CAMPROSMD1,2,63,raccoon,2016-07-17,4:49,1,
CAMPROSMD1,2,63,squirrel,2016-07-17,14:22,1,
CAMPROSMD1,2,63,raccoon,2016-07-18,5:04,1,
CAMPROSMD1,2,63,raccoon,2016-07-19,1:34,3,
CAMPROSMD1,2,63,squirrel,2016-07-19,11:33,1,
CAMPROSMD1,2,63,raccoon,2016-07-19,21:30,4,
CAMPROSMD1,2,63,raccoon,2016-07-21,1:14,2,
CAMPROSMD1,2,63,raccoon,2016-07-21,1:20,1,
CAMPROSMD1,2,63,raccoon,2016-07-22,1:23,4,
CAMPROSMD1,3,63,raccoon,2016-08-14,21:46,3,
CAMPROSMD1,3,63,raccoon,2016-08-15,0:00,4,
CAMPROSMD1,3,63,raccoon,2016-08-15,5:09,4,
CAMPROSMD1,3,63,squirrel,2016-08-16,13:06,1,
CAMPROSMD1,3,63,raccoon,2016-08-17,1:54,1,
CAMPROSMD1,3,63,raccoon,2016-08-17,2:32,4,
CAMPROSMD1,3,63,raccoon,2016-08-17,4:07,1,
CAMPROSMD1,3,63,raccoon,2016-08-17,4:48,1,
CAMPROSMD1,3,63,raccoon,2016-08-18,3:47,1,
CAMPROSMD1,3,63,raccoon,2016-08-18,20:21,1,
CAMPROSMD1,3,63,raccoon,2016-08-18,20:30,3,
CAMPROSMD1,3,63,raccoon,2016-08-18,21:31,2,
CLARCOLDC1,1,21,squirrel,2016-06-25,8:43,1,
CLARCOLDC1,2,51,dog,2016-07-07,18:42,1,
CLARCOLDC1,2,51,dog,2016-07-07,20:28,1,
CLARCOLDC1,2,51,dog,2016-07-09,12:35,1,
CLARCOLDC1,2,51,dog,2016-07-09,20:06,1,
CLARCOLDC1,2,51,fox,2016-07-11,5:10,1,
CLARCOLDC1,2,51,dog,2016-07-13,19:57,1,
CLARCOLDC1,2,51,dog,2016-07-13,21:35,1,
CLARCOLDC1,3,40,cat,2016-08-16,8:26,1,Carmen
CLARCOLDC1,3,40,dog,2016-08-17,20:37,1,
CLARCOLDC1,3,40,cat,2016-08-18,8:14,1,Carmen
CLARCOLDC1,3,40,cat,2016-08-18,8:23,1,Carmen
CLARCOLDC1,3,40,cat,2016-08-19,23:10,1,Carmen
CLARCOLDC1,3,40,cat,2016-08-20,9:32,1,Carmen
CLARCOLDC1,3,40,cat,2016-08-20,21:02,1,Carmen
CLARCOLDC1,3,40,cat,2016-08-22,6:27,1,Carmen
CLARCOLDC1,3,40,cat,2016-08-22,6:29,1,Carmen
CLARCOLDC1,3,40,cat,2016-08-22,6:54,1,Carmen
COLSKATMD1,1,58,squirrel,2016-06-14,16:14,1,
COLSKATMD1,1,58,squirrel,2016-06-14,16:16,2,
COLSKATMD1,1,58,squirrel,2016-06-14,18:18,1,
COLSKATMD1,1,58,squirrel,2016-06-14,18:20,1,
COLSKATMD1,1,58,squirrel,2016-06-15,11:44,1,
COLSKATMD1,1,58,squirrel,2016-06-16,11:38,1,
COLSKATMD1,1,58,squirrel,2016-06-16,11:40,1,
COLSKATMD1,1,58,squirrel,2016-06-16,12:22,1,
COLSKATMD1,1,58,fox,2016-06-16,23:22,1,
COLSKATMD1,1,58,fox,2016-06-17,5:07,1,
COLSKATMD1,1,58,fox,2016-06-17,5:27,1,
COLSKATMD1,1,58,squirrel,2016-06-17,7:32,1,
COLSKATMD1,1,58,chipmunk,2016-06-17,9:47,1,
COLSKATMD1,1,58,squirrel,2016-06-17,10:23,1,
COLSKATMD1,1,58,squirrel,2016-06-17,12:42,1,
COLSKATMD1,1,58,squirrel,2016-06-17,12:45,1,
COLSKATMD1,1,58,squirrel,2016-06-17,12:54,1,
COLSKATMD1,1,58,squirrel,2016-06-17,12:55,1,
COLSKATMD1,1,58,squirrel,2016-06-18,11:17,1,
COLSKATMD1,1,58,squirrel,2016-06-18,11:52,2,
COLSKATMD1,1,58,squirrel,2016-06-18,11:59,1,
COLSKATMD1,1,58,squirrel,2016-06-18,12:15,1,
COLSKATMD1,1,58,squirrel,2016-06-18,12:26,1,
COLSKATMD1,1,58,squirrel,2016-06-18,15:37,1,
COLSKATMD1,1,58,squirrel,2016-06-18,15:48,1,
COLSKATMD1,1,58,squirrel,2016-06-19,8:44,1,
COLSKATMD1,1,58,squirrel,2016-06-19,8:52,3,
COLSKATMD1,1,58,squirrel,2016-06-19,11:52,2,
COLSKATMD1,1,58,squirrel,2016-06-19,12:38,1,
COLSKATMD1,1,58,squirrel,2016-06-19,13:14,1,
COLSKATMD1,1,58,squirrel,2016-06-19,13:40,1,
COLSKATMD1,1,58,squirrel,2016-06-19,16:46,1,
COLSKATMD1,1,58,raccoon,2016-06-20,2:00,1,
COLSKATMD1,1,58,raccoon,2016-06-20,3:21,1,
COLSKATMD1,1,58,squirrel,2016-06-20,9:32,1,
COLSKATMD1,1,58,squirrel,2016-06-20,17:26,2,
COLSKATMD1,1,58,squirrel,2016-06-20,17:51,1,
COLSKATMD1,1,58,squirrel,2016-06-20,17:55,1,
COLSKATMD1,2,39,squirrel,2016-07-12,10:04,1,
COLSKATMD1,2,39,squirrel,2016-07-13,10:51,1,
COLSKATMD1,2,39,squirrel,2016-07-14,16:26,1,
COLSKATMD1,2,39,fox,2016-07-15,1:09,1,
COLSKATMD1,2,39,squirrel,2016-07-15,7:13,1,
COLSKATMD1,2,39,squirrel,2016-07-15,8:31,1,
COLSKATMD1,2,39,squirrel,2016-07-15,9:09,1,
COLSKATMD1,2,39,squirrel,2016-07-15,10:05,1,
COLSKATMD1,2,39,squirrel,2016-07-15,12:05,1,
COLSKATMD1,2,39,squirrel,2016-07-15,14:15,1,
COLSKATMD1,2,39,squirrel,2016-07-15,18:57,1,
COLSKATMD1,2,39,squirrel,2016-07-15,18:59,1,
COLSKATMD1,2,39,raccoon,2016-07-16,4:02,1,
COLSKATMD1,2,39,raccoon,2016-07-16,5:12,1,
COLSKATMD1,2,39,squirrel,2016-07-16,7:29,1,
COLSKATMD1,2,39,squirrel,2016-07-16,7:38,1,
COLSKATMD1,2,39,squirrel,2016-07-16,7:46,1,
COLSKATMD1,2,39,squirrel,2016-07-16,7:56,1,
COLSKATMD1,2,39,squirrel,2016-07-16,7:59,1,
COLSKATMD1,2,39,squirrel,2016-07-16,8:11,1,
COLSKATMD1,2,39,squirrel,2016-07-16,8:56,1,
COLSKATMD1,2,39,squirrel,2016-07-16,9:54,1,
COLSKATMD1,2,39,squirrel,2016-07-16,10:11,1,
COLSKATMD1,2,39,squirrel,2016-07-16,10:17,1,
COLSKATMD1,2,39,squirrel,2016-07-16,10:50,1,
COLSKATMD1,2,39,squirrel,2016-07-16,10:54,1,
COLSKATMD1,2,39,squirrel,2016-07-16,11:31,1,
COLSKATMD1,2,39,squirrel,2016-07-16,13:08,1,
COLSKATMD1,2,39,squirrel,2016-07-16,13:18,1,
COLSKATMD1,2,39,squirrel,2016-07-16,14:20,1,
COLSKATMD1,2,39,squirrel,2016-07-16,15:07,1,
COLSKATMD1,2,39,squirrel,2016-07-16,15:15,1,
COLSKATMD1,2,39,fox,2016-07-16,23:50,1,
COLSKATMD1,2,39,fox,2016-07-17,2:59,1,
COLSKATMD1,2,39,fox,2016-07-17,3:03,1,
COLSKATMD1,2,39,squirrel,2016-07-17,7:00,1,
COLSKATMD1,2,39,squirrel,2016-07-17,8:37,1,
COLSKATMD1,2,39,squirrel,2016-07-17,10:33,1,
COLSKATMD1,2,39,squirrel,2016-07-17,10:43,1,
COLSKATMD1,2,39,squirrel,2016-07-17,10:46,1,
COLSKATMD1,2,39,squirrel,2016-07-17,13:28,1,
COLSKATMD1,2,39,squirrel,2016-07-17,16:08,1,
COLSKATMD1,2,39,squirrel,2016-07-18,9:20,1,
COLSKATMD1,2,39,squirrel,2016-07-18,15:42,1,
COLSKATMD1,3,39,squirrel,2016-08-16,11:38,1,
COLSKATMD1,3,39,squirrel,2016-08-16,12:05,1,
COLSKATMD1,3,39,squirrel,2016-08-16,12:27,1,
COLSKATMD1,3,39,squirrel,2016-08-16,12:34,1,
COLSKATMD1,3,39,squirrel,2016-08-16,12:38,1,
COLSKATMD1,3,39,squirrel,2016-08-17,10:18,1,
COLSKATMD1,3,39,squirrel,2016-08-17,10:34,1,
COLSKATMD1,3,39,squirrel,2016-08-17,12:03,1,
COLSKATMD1,3,39,squirrel,2016-08-18,10:29,1,
COLSKATMD1,3,39,squirrel,2016-08-18,10:53,1,
COLSKATMD1,3,39,raccoon,2016-08-19,0:49,1,
COLSKATMD1,3,39,squirrel,2016-08-19,10:29,1,
COLSKATMD1,3,39,squirrel,2016-08-19,10:42,1,
COLSKATMD1,3,39,squirrel,2016-08-19,10:43,1,
COLSKATMD1,3,39,squirrel,2016-08-19,10:52,1,
COLSKATMD1,3,39,squirrel,2016-08-19,15:00,1,
COLSKATMD1,3,39,raccoon,2016-08-19,22:59,1,
COLSKATMD1,3,39,raccoon,2016-08-20,3:37,1,
COLSKATMD1,3,39,fox,2016-08-20,4:24,1,
COLSKATMD1,3,39,squirrel,2016-08-20,13:00,1,
COLSKATMD1,3,39,squirrel,2016-08-21,11:25,1,
COLSKATMD1,3,39,fox,2016-08-22,2:20,1,
COLSKATMD1,3,39,squirrel,2016-08-22,11:52,2,
EGANMARMD1,1,55,cat,2016-06-12,13:43,1,Maddie
EGANMARMD1,1,55,cat,2016-06-12,23:28,1,Mary
EGANMARMD1,1,55,squirrel,2016-06-13,10:20,1,
EGANMARMD1,1,55,cat,2016-06-14,4:46,1,Max
EGANMARMD1,1,55,cat,2016-06-14,4:48,1,Max
EGANMARMD1,1,55,cat,2016-06-14,12:15,1,Mary
EGANMARMD1,1,55,cat,2016-06-14,16:26,1,Mary
EGANMARMD1,1,55,fox,2016-06-15,1:18,1,
EGANMARMD1,1,55,squirrel,2016-06-15,9:23,1,
EGANMARMD1,2,21,squirrel,2016-07-05,9:08,1,
EGANMARMD1,2,21,cat,2016-07-09,1:39,1,Max
EGANMARMD1,3,63,cat,2016-08-08,22:17,1,Max
FARYSIMMD1,1,33,chipmunk,2016-06-16,9:34,1,
FARYSIMMD1,1,33,squirrel,2016-06-16,12:23,1,
FARYSIMMD1,1,33,squirrel,2016-06-17,8:42,1,
FARYSIMMD1,1,33,squirrel,2016-06-17,9:28,1,
FARYSIMMD1,1,33,squirrel,2016-06-17,10:04,1,
FARYSIMMD1,1,33,squirrel,2016-06-17,10:11,1,
FARYSIMMD1,1,33,squirrel,2016-06-17,10:57,1,
FARYSIMMD1,1,33,squirrel,2016-06-17,11:00,1,
FARYSIMMD1,1,33,squirrel,2016-06-17,11:12,1,
FARYSIMMD1,1,33,squirrel,2016-06-17,11:13,1,
FARYSIMMD1,1,33,squirrel,2016-06-17,11:24,1,
FARYSIMMD1,1,33,squirrel,2016-06-17,13:38,1,
FARYSIMMD1,1,33,squirrel,2016-06-17,13:44,1,
FARYSIMMD1,1,33,squirrel,2016-06-17,13:46,1,
FARYSIMMD1,1,33,squirrel,2016-06-17,16:01,1,
FARYSIMMD1,1,33,squirrel,2016-06-18,7:21,1,
FARYSIMMD1,1,33,squirrel,2016-06-18,7:23,1,
FARYSIMMD1,1,33,squirrel,2016-06-18,18:02,1,
FARYSIMMD1,1,33,squirrel,2016-06-18,18:05,1,
FARYSIMMD1,1,33,squirrel,2016-06-18,18:07,1,
FARYSIMMD1,1,33,squirrel,2016-06-19,8:47,1,
FARYSIMMD1,1,33,squirrel,2016-06-19,8:50,1,
FARYSIMMD1,1,33,raccoon,2016-06-19,22:42,1,
FARYSIMMD1,1,33,squirrel,2016-06-20,7:29,1,
FARYSIMMD1,1,33,squirrel,2016-06-20,8:19,1,
FARYSIMMD1,1,33,squirrel,2016-06-20,10:48,1,
FARYSIMMD1,1,33,squirrel,2016-06-20,11:21,1,
FARYSIMMD1,1,33,squirrel,2016-06-20,11:25,1,
FARYSIMMD1,1,33,squirrel,2016-06-21,9:38,1,
FARYSIMMD1,2,21,cat,2016-07-11,23:27,1,Stan
FARYSIMMD1,2,21,raccoon,2016-07-12,2:09,1,
FARYSIMMD1,2,21,cat,2016-07-12,5:54,1,Stan
FARYSIMMD1,2,21,squirrel,2016-07-13,11:09,1,
FARYSIMMD1,2,21,cat,2016-07-15,12:01,1,Stan
FARYSIMMD1,3,57,squirrel,2016-08-17,17:34,1,
FARYSIMMD1,3,57,rat,2016-08-20,4:36,1,
FISHFERVA1,1,40,squirrel,2016-06-09,7:52,1,
FISHFERVA1,1,40,squirrel,2016-06-10,8:47,1,
FISHFERVA1,1,40,squirrel,2016-06-11,8:40,1,
FISHFERVA1,1,40,squirrel,2016-06-11,8:43,1,
FISHFERVA1,1,40,squirrel,2016-06-11,11:11,1,
FISHFERVA1,1,40,squirrel,2016-06-11,17:14,1,
FISHFERVA1,1,40,squirrel,2016-06-11,22:35,1,
FISHFERVA1,1,40,chipmunk,2016-06-12,15:10,1,
FISHFERVA1,1,40,cat,2016-06-13,3:35,1,Felicity
FISHFERVA1,1,40,squirrel,2016-06-13,12:04,1,
FISHFERVA1,1,40,fox,2016-06-14,2:02,1,
FISHFERVA1,1,40,cat,2016-06-14,3:36,1,Felicity
FISHFERVA1,1,40,fox,2016-06-14,4:22,1,
FISHFERVA1,1,40,fox,2016-06-15,2:38,1,
FISHFERVA1,1,40,cat,2016-06-15,2:55,1,Felicity
FISHFERVA1,1,40,fox,2016-06-15,22:49,1,
FISHFERVA1,1,40,fox,2016-06-16,1:02,1,
FISHFERVA1,1,40,fox,2016-06-16,2:46,1,
FISHFERVA1,2,51,squirrel,2016-07-25,16:27,1,
FISHFERVA1,2,51,cat,2016-07-26,3:19,1,Flo
FISHFERVA1,2,51,cat,2016-07-26,3:52,1,Fluffy
FISHFERVA1,2,51,squirrel,2016-07-26,15:01,1,
FISHFERVA1,2,51,fox,2016-07-27,5:35,1,
FISHFERVA1,2,51,squirrel,2016-07-27,15:56,1,
FISHFERVA1,2,51,fox,2016-07-29,21:33,1,
FISHFERVA1,2,51,fox,2016-07-30,4:13,1,
FISHFERVA1,2,51,squirrel,2016-07-30,9:19,1,
FISHFERVA1,2,51,fox,2016-07-30,21:10,1,
FISHFERVA1,3,,,,,,
GECACARVA1,1,57,squirrel,2016-06-13,10:24,1,
GECACARVA1,1,57,squirrel,2016-06-13,16:38,1,
GECACARVA1,1,57,cat,2016-06-14,8:56,1,Clyde
GECACARVA1,1,57,squirrel,2016-06-14,10:46,1,
GECACARVA1,1,57,squirrel,2016-06-14,13:18,1,
GECACARVA1,1,57,squirrel,2016-06-14,14:21,1,
GECACARVA1,1,57,fox,2016-06-15,2:54,1,
GECACARVA1,1,57,squirrel,2016-06-15,11:52,1,
GECACARVA1,1,57,squirrel,2016-06-17,17:12,1,
GECACARVA1,1,57,raccoon,2016-06-18,21:42,1,
GECACARVA1,1,57,dog,2016-06-19,19:31,1,
GECACARVA1,1,57,squirrel,2016-06-20,7:16,1,
GECACARVA1,1,57,dog,2016-06-20,9:27,1,
GECACARVA1,1,57,dog,2016-06-20,9:29,1,
GECACARVA1,1,57,dog,2016-06-20,9:31,1,
GECACARVA1,2,99,dog,2016-07-07,9:23,1,
GECACARVA1,2,99,squirrel,2016-07-08,7:35,1,
GECACARVA1,2,99,squirrel,2016-07-09,8:05,1,
GECACARVA1,2,99,cat,2016-07-12,10:45,1,Chris
GECACARVA1,3,,,,,,
JACOMERMD1,1,40,fox,2016-06-24,22:54,1,
JACOMERMD1,2,39,fox,2016-07-24,0:24,1,
JACOMERMD1,3,,,,,,
KESTSABDC1,1,63,dog,2016-06-14,14:41,1,
KESTSABDC1,1,63,dog,2016-06-14,19:29,1,
KESTSABDC1,1,63,dog,2016-06-14,22:59,1,
KESTSABDC1,1,63,dog,2016-06-15,5:57,1,
KESTSABDC1,1,63,dog,2016-06-15,14:11,1,
KESTSABDC1,1,63,dog,2016-06-15,20:28,1,
KESTSABDC1,1,63,dog,2016-06-15,20:55,1,
KESTSABDC1,1,63,dog,2016-06-16,10:00,1,
KESTSABDC1,1,63,dog,2016-06-16,14:25,1,
KESTSABDC1,1,63,dog,2016-06-16,18:29,1,
KESTSABDC1,1,63,dog,2016-06-16,23:25,1,
KESTSABDC1,1,63,cat,2016-06-17,2:28,1,Stu
KESTSABDC1,1,63,dog,2016-06-17,17:12,1,
KESTSABDC1,1,63,dog,2016-06-18,7:27,1,
KESTSABDC1,1,63,cat,2016-06-19,17:04,1,Stu
KESTSABDC1,1,63,dog,2016-06-20,18:23,2,
KESTSABDC1,2,33,cat,2016-07-21,20:29,1,Stu
KESTSABDC1,3,55,dog,2016-08-08,20:46,1,
KESTSABDC1,3,55,cat,2016-08-11,0:57,1,Stu
KESTSABDC1,3,55,cat,2016-08-11,1:01,1,Stu
KESTSABDC1,3,55,cat,2016-08-11,1:06,1,Stu
KESTSABDC1,3,55,cat,2016-08-11,1:55,1,Stu
KESTSABDC1,3,55,dog,2016-08-11,17:38,1,
KESTSABDC1,3,55,cat,2016-08-11,20:11,1,Stu
KESTSABDC1,3,55,cat,2016-08-11,20:13,1,Stu
KESTSABDC1,3,55,cat,2016-08-11,20:16,1,Stu
KESTSABDC1,3,55,cat,2016-08-11,20:18,1,Stu
KESTSABDC1,3,55,cat,2016-08-11,20:29,1,Stu
KESTSABDC1,3,55,cat,2016-08-11,20:38,1,Stu
KESTSABDC1,3,55,cat,2016-08-11,20:40,1,Stu
KESTSABDC1,3,55,cat,2016-08-11,21:14,1,Stu
KESTSABDC1,3,55,cat,2016-08-11,21:16,1,Stu
KESTSABDC1,3,55,cat,2016-08-11,21:17,1,Stu
KESTSABDC1,3,55,cat,2016-08-11,21:18,1,Stu
KESTSABDC1,3,55,cat,2016-08-11,21:24,1,Stu
KESTSABDC1,3,55,cat,2016-08-11,21:29,1,Stu
KESTSABDC1,3,55,cat,2016-08-14,20:30,1,Stu
KESTSABDC1,3,55,cat,2016-08-14,20:47,1,Stu
KEYESUSMD1,1,69,squirrel,2016-06-10,13:08,1,
KEYESUSMD1,1,69,squirrel,2016-06-10,13:45,1,
KEYESUSMD1,1,69,fox,2016-06-11,0:17,1,
KEYESUSMD1,1,69,fox,2016-06-11,1:18,1,
KEYESUSMD1,1,69,squirrel,2016-06-11,6:35,1,
KEYESUSMD1,1,69,squirrel,2016-06-11,11:08,1,
KEYESUSMD1,1,69,squirrel,2016-06-11,11:33,1,
KEYESUSMD1,1,69,squirrel,2016-06-11,11:57,1,
KEYESUSMD1,1,69,squirrel,2016-06-11,17:45,1,
KEYESUSMD1,1,69,squirrel,2016-06-11,17:54,1,
KEYESUSMD1,1,69,fox,2016-06-11,20:41,1,
KEYESUSMD1,1,69,fox,2016-06-11,22:20,1,
KEYESUSMD1,1,69,fox,2016-06-12,3:46,1,
KEYESUSMD1,1,69,fox,2016-06-12,4:23,1,
KEYESUSMD1,1,69,squirrel,2016-06-12,14:48,1,
KEYESUSMD1,1,69,fox,2016-06-12,21:45,1,
KEYESUSMD1,1,69,fox,2016-06-13,0:38,1,
KEYESUSMD1,1,69,fox,2016-06-13,2:05,1,
KEYESUSMD1,1,69,squirrel,2016-06-13,6:38,2,
KEYESUSMD1,1,69,squirrel,2016-06-13,7:52,1,
KEYESUSMD1,1,69,squirrel,2016-06-13,7:53,1,
KEYESUSMD1,1,69,squirrel,2016-06-13,8:52,1,
KEYESUSMD1,1,69,squirrel,2016-06-13,12:21,1,
KEYESUSMD1,1,69,squirrel,2016-06-13,15:35,1,
KEYESUSMD1,1,69,squirrel,2016-06-13,17:12,1,
KEYESUSMD1,1,69,fox,2016-06-13,21:43,1,
KEYESUSMD1,1,69,raccoon,2016-06-14,1:48,1,
KEYESUSMD1,1,69,squirrel,2016-06-14,11:43,1,
KEYESUSMD1,1,69,squirrel,2016-06-14,12:03,1,
KEYESUSMD1,1,69,squirrel,2016-06-14,14:59,1,
KEYESUSMD1,1,69,squirrel,2016-06-14,18:08,1,
KEYESUSMD1,1,69,fox,2016-06-14,22:43,1,
KEYESUSMD1,1,69,squirrel,2016-06-15,7:37,1,
KEYESUSMD1,1,69,squirrel,2016-06-15,16:20,1,
KEYESUSMD1,1,69,squirrel,2016-06-17,12:59,1,
KEYESUSMD1,2,71,fox,2016-07-21,1:13,1,
KEYESUSMD1,2,71,raccoon,2016-07-22,5:06,4,
KEYESUSMD1,2,71,fox,2016-07-25,21:50,1,
KEYESUSMD1,2,71,fox,2016-07-25,23:23,1,
KEYESUSMD1,3,99,squirrel,2016-08-03,13:02,1,
KEYESUSMD1,3,99,squirrel,2016-08-03,13:20,1,
KEYESUSMD1,3,99,fox,2016-08-04,1:03,1,
KEYESUSMD1,3,99,squirrel,2016-08-04,16:37,1,
KEYESUSMD1,3,99,fox,2016-08-06,2:18,1,
KEYESUSMD1,3,99,fox,2016-08-06,22:26,1,
KEYESUSMD1,3,99,fox,2016-08-06,4:47,1,
KEYESUSMD1,3,99,squirrel,2016-08-07,16:51,1,
KEYESUSMD1,3,99,squirrel,2016-08-07,17:58,1,
KEYESUSMD1,3,99,squirrel,2016-08-07,18:04,1,
KEYESUSMD1,3,99,fox,2016-08-07,20:55,1,
KEYESUSMD1,3,99,fox,2016-08-07,23:51,1,
KEYESUSMD1,3,99,fox,2016-08-08,0:12,1,
KEYESUSMD1,3,99,fox,2016-08-08,0:25,1,
KEYESUSMD1,3,99,squirrel,2016-08-08,8:41,1,
KEYESUSMD1,3,99,squirrel,2016-08-08,14:15,1,
KEYESUSMD1,3,99,fox,2016-08-09,0:21,1,
LANDCELVA1,1,73,cat,2016-06-17,0:01,1,
LANDCELVA1,1,73,squirrel,2016-06-17,8:05,1,
LANDCELVA1,1,73,squirrel,2016-06-17,10:04,2,
LANDCELVA1,1,73,squirrel,2016-06-17,10:10,2,
LANDCELVA1,1,73,squirrel,2016-06-17,11:08,1,
LANDCELVA1,1,73,squirrel,2016-06-17,11:29,1,
LANDCELVA1,1,73,squirrel,2016-06-17,13:14,1,
LANDCELVA1,1,73,squirrel,2016-06-18,8:35,1,
LANDCELVA1,1,73,squirrel,2016-06-20,7:04,1,
LANDCELVA1,1,73,squirrel,2016-06-20,10:55,1,
LANDCELVA1,1,73,chipmunk,2016-06-20,15:56,1,
LANDCELVA1,1,73,chipmunk,2016-06-20,16:28,1,
LANDCELVA1,1,73,cat,2016-06-22,4:27,1,Catherine
LANDCELVA1,1,73,chipmunk,2016-06-22,6:51,1,
LANDCELVA1,1,73,chipmunk,2016-06-22,14:15,1,
LANDCELVA1,1,73,squirrel,2016-06-23,10:37,1,
LANDCELVA1,2,57,,,,,
LANDCELVA1,3,60,squirrel,2016-08-09,8:43,1,
LANDCELVA1,3,60,squirrel,2016-08-09,9:31,1,
LANDCELVA1,3,60,squirrel,2016-08-09,9:37,1,
LANDCELVA1,3,60,chipmunk,2016-08-11,7:33,1,
LANDCELVA1,3,60,chipmunk,2016-08-13,7:26,1,
LANDCELVA1,3,60,squirrel,2016-08-13,7:53,1,
LANDCELVA1,3,60,squirrel,2016-08-14,6:48,1,
LANDCELVA1,3,60,squirrel,2016-08-14,19:24,1,
LANDCELVA1,3,60,squirrel,2016-08-15,6:26,1,
LEONTESDC1,1,71,squirrel,2016-06-08,7:04,1,
LEONTESDC1,1,71,squirrel,2016-06-09,6:05,1,
LEONTESDC1,1,71,squirrel,2016-06-10,6:31,1,
LEONTESDC1,1,71,squirrel,2016-06-11,6:13,1,
LEONTESDC1,1,71,squirrel,2016-06-11,11:49,1,
LEONTESDC1,1,71,squirrel,2016-06-12,7:48,1,
LEONTESDC1,1,71,squirrel,2016-06-12,10:36,1,
LEONTESDC1,2,60,squirrel,2016-07-31,7:03,1,
LEONTESDC1,2,60,squirrel,2016-07-31,10:43,1,
LEONTESDC1,2,60,squirrel,2016-08-03,6:34,1,
LEONTESDC1,3,21,squirrel,2016-08-14,18:04,1,
LEONTESDC1,3,21,squirrel,2016-08-17,18:45,1,
LEONTESDC1,3,21,squirrel,2016-08-19,18:57,2,
MANNJANDC1,1,64,squirrel,2016-06-08,12:43,1,
MANNJANDC1,1,64,squirrel,2016-06-08,12:50,1,
MANNJANDC1,1,64,squirrel,2016-06-08,12:51,1,
MANNJANDC1,1,64,squirrel,2016-06-08,15:03,1,
MANNJANDC1,1,64,opossum,2016-06-08,21:42,1,
MANNJANDC1,1,64,raccoon,2016-06-09,0:58,1,
MANNJANDC1,1,64,raccoon,2016-06-09,1:04,1,
MANNJANDC1,1,64,squirrel,2016-06-09,5:53,1,
MANNJANDC1,1,64,squirrel,2016-06-09,6:11,1,
MANNJANDC1,1,64,chipmunk,2016-06-09,6:11,1,
MANNJANDC1,1,64,squirrel,2016-06-09,6:17,2,
MANNJANDC1,1,64,squirrel,2016-06-09,10:20,1,
MANNJANDC1,1,64,squirrel,2016-06-09,10:53,1,
MANNJANDC1,1,64,squirrel,2016-06-09,12:26,1,
MANNJANDC1,1,64,chipmunk,2016-06-09,12:32,1,
MANNJANDC1,1,64,squirrel,2016-06-09,12:46,1,
MANNJANDC1,1,64,chipmunk,2016-06-09,17:59,1,
MANNJANDC1,1,64,raccoon,2016-06-10,0:01,1,
MANNJANDC1,1,64,raccoon,2016-06-10,0:32,1,
MANNJANDC1,1,64,raccoon,2016-06-10,1:03,1,
MANNJANDC1,1,64,raccoon,2016-06-10,1:07,1,
MANNJANDC1,1,64,cat,2016-06-10,3:53,1,Janet
MANNJANDC1,1,64,squirrel,2016-06-10,6:25,1,
MANNJANDC1,1,64,squirrel,2016-06-10,11:40,1,
MANNJANDC1,1,64,squirrel,2016-06-10,12:03,3,
MANNJANDC1,1,64,chipmunk,2016-06-10,20:21,1,
MANNJANDC1,1,64,cat,2016-06-11,2:18,1,Janet
MANNJANDC1,1,64,raccoon,2016-06-11,2:30,1,
MANNJANDC1,1,64,cat,2016-06-11,4:04,1,Janet
MANNJANDC1,1,64,squirrel,2016-06-11,11:12,1,
MANNJANDC1,1,64,squirrel,2016-06-11,12:22,2,
MANNJANDC1,1,64,squirrel,2016-06-11,12:32,1,
MANNJANDC1,1,64,raccoon,2016-06-11,23:58,1,
MANNJANDC1,1,64,raccoon,2016-06-12,3:02,1,
MANNJANDC1,1,64,raccoon,2016-06-12,3:06,1,
MANNJANDC1,1,64,fox,2016-06-12,3:08,1,
MANNJANDC1,1,64,raccoon,2016-06-12,5:18,1,
MANNJANDC1,1,64,raccoon,2016-06-12,5:20,1,
MANNJANDC1,1,64,squirrel,2016-06-12,6:07,1,
MANNJANDC1,1,64,squirrel,2016-06-12,6:27,1,
MANNJANDC1,1,64,squirrel,2016-06-12,14:08,1,
MANNJANDC1,1,64,raccoon,2016-06-12,22:16,1,
MANNJANDC1,1,64,cat,2016-06-13,11:18,1,Clem
MANNJANDC1,1,64,cat,2016-06-13,12:15,1,Clem
MANNJANDC1,1,64,squirrel,2016-06-13,13:14,1,
MANNJANDC1,1,64,chipmunk,2016-06-13,13:49,1,
MANNJANDC1,1,64,squirrel,2016-06-13,13:58,1,
MANNJANDC1,1,64,chipmunk,2016-06-13,15:00,1,
MANNJANDC1,1,64,squirrel,2016-06-13,15:48,1,
MANNJANDC1,1,64,squirrel,2016-06-13,16:58,1,
MANNJANDC1,1,64,squirrel,2016-06-13,17:02,1,
MANNJANDC1,1,64,raccoon,2016-06-14,1:00,1,
MANNJANDC1,1,64,raccoon,2016-06-14,1:50,1,
MANNJANDC1,1,64,raccoon,2016-06-14,2:08,2,
MANNJANDC1,1,64,chipmunk,2016-06-14,6:01,1,
MANNJANDC1,1,64,squirrel,2016-06-14,6:44,1,
MANNJANDC1,1,64,squirrel,2016-06-14,7:14,1,
MANNJANDC1,1,64,squirrel,2016-06-14,7:21,1,
MANNJANDC1,1,64,squirrel,2016-06-14,7:25,1,
MANNJANDC1,1,64,squirrel,2016-06-14,7:34,1,
MANNJANDC1,1,64,squirrel,2016-06-14,8:17,1,
MANNJANDC1,1,64,squirrel,2016-06-14,8:24,1,
MANNJANDC1,1,64,cat,2016-06-14,8:59,1,Clem
MANNJANDC1,1,64,squirrel,2016-06-14,12:22,1,
MANNJANDC1,1,64,opossum,2016-06-15,1:07,1,
MANNJANDC1,1,64,raccoon,2016-06-15,1:16,1,
MANNJANDC1,1,64,raccoon,2016-06-15,3:37,2,
MANNJANDC1,1,64,squirrel,2016-06-15,6:10,1,
MANNJANDC1,2,39,squirrel,2016-07-04,12:53,1,
MANNJANDC1,2,39,squirrel,2016-07-04,13:07,1,
MANNJANDC1,2,39,squirrel,2016-07-04,13:48,2,
MANNJANDC1,2,39,squirrel,2016-07-04,18:36,1,
MANNJANDC1,2,39,squirrel,2016-07-05,12:21,1,
MANNJANDC1,2,39,squirrel,2016-07-05,13:35,1,
MANNJANDC1,2,39,squirrel,2016-07-05,14:36,1,
MANNJANDC1,2,39,squirrel,2016-07-05,15:11,1,
MANNJANDC1,2,39,squirrel,2016-07-05,17:58,1,
MANNJANDC1,2,39,raccoon,2016-07-06,1:17,1,
MANNJANDC1,2,39,chipmunk,2016-07-06,19:16,1,
MANNJANDC1,2,39,squirrel,2016-06-07,8:21,2,
MANNJANDC1,2,39,chipmunk,2016-06-07,8:21,1,
MANNJANDC1,2,39,chipmunk,2016-06-07,8:23,2,
MANNJANDC1,2,39,squirrel,2016-06-07,8:23,3,
MANNJANDC1,2,39,squirrel,2016-06-07,8:27,2,
MANNJANDC1,2,39,squirrel,2016-06-07,8:29,2,
MANNJANDC1,2,39,squirrel,2016-06-07,9:09,1,
MANNJANDC1,2,39,squirrel,2016-06-07,10:15,1,
MANNJANDC1,2,39,squirrel,2016-06-07,13:12,1,
MANNJANDC1,2,39,squirrel,2016-06-07,15:59,2,
MANNJANDC1,2,39,squirrel,2016-06-07,19:38,1,
MANNJANDC1,2,39,squirrel,2016-06-07,20:12,1,
MANNJANDC1,2,39,squirrel,2016-07-09,10:00,1,
MANNJANDC1,2,39,squirrel,2016-07-09,19:08,1,
MANNJANDC1,2,39,raccoon,2016-07-10,23:52,1,
MANNJANDC1,2,39,raccoon,2016-07-11,0:39,1,
MANNJANDC1,2,39,raccoon,2016-07-11,1:40,2,
MANNJANDC1,2,39,squirrel,2016-07-11,8:05,1,
MANNJANDC1,3,,,,,,
MCDOELIVA1,1,68,squirrel,2016-07-01,7:51,1,
MCDOELIVA1,1,68,squirrel,2016-07-01,9:08,1,
MCDOELIVA1,1,68,squirrel,2016-07-01,9:44,1,
MCDOELIVA1,1,68,squirrel,2016-07-01,11:16,1,
MCDOELIVA1,1,68,dog,2016-07-01,20:08,1,
MCDOELIVA1,1,68,cat,2016-07-01,22:24,1,Earl
MCDOELIVA1,1,68,cat,2016-07-02,1:22,1,Earl
MCDOELIVA1,1,68,raccoon,2016-07-02,3:13,1,
MCDOELIVA1,1,68,dog,2016-07-02,16:59,1,
MCDOELIVA1,1,68,cat,2016-07-02,21:37,1,Ellie
MCDOELIVA1,1,68,squirrel,2016-07-03,9:37,1,
MCDOELIVA1,1,68,squirrel,2016-07-03,13:42,1,
MCDOELIVA1,1,68,raccoon,2016-07-03,22:21,1,
MCDOELIVA1,1,68,squirrel,2016-07-04,9:38,1,
MCDOELIVA1,1,68,squirrel,2016-07-04,13:12,1,
MCDOELIVA1,1,68,squirrel,2016-07-04,17:19,1,
MCDOELIVA1,1,68,cat,2016-07-05,0:01,1,Earl
MCDOELIVA1,1,68,cat,2016-07-05,0:25,1,Ellie
MCDOELIVA1,1,68,raccoon,2016-07-05,2:59,1,
MCDOELIVA1,1,68,squirrel,2016-07-05,18:27,1,
MCDOELIVA1,1,68,squirrel,2016-07-05,18:31,1,
MCDOELIVA1,1,68,squirrel,2016-07-05,18:37,1,
MCDOELIVA1,1,68,cat,2016-07-06,2:53,1,Earl
MCDOELIVA1,1,68,raccoon,2016-07-06,3:56,1,
MCDOELIVA1,1,68,dog,2016-07-06,8:07,1,
MCDOELIVA1,1,68,raccoon,2016-07-06,22:20,1,
MCDOELIVA1,2,57,cat,2016-07-15,21:19,1,Ellie
MCDOELIVA1,2,57,cat,2016-07-16,8:23,1,Ellie
MCDOELIVA1,2,57,squirrel,2016-07-16,10:20,1,
MCDOELIVA1,2,57,squirrel,2016-07-16,10:21,1,
MCDOELIVA1,2,57,squirrel,2016-07-17,6:47,1,
MCDOELIVA1,2,57,squirrel,2016-07-17,7:04,1,
MCDOELIVA1,2,57,squirrel,2016-07-17,7:07,1,
MCDOELIVA1,2,57,squirrel,2016-07-17,7:30,1,
MCDOELIVA1,2,57,squirrel,2016-07-17,8:02,2,
MCDOELIVA1,2,57,squirrel,2016-07-18,7:04,1,
MCDOELIVA1,2,57,squirrel,2016-07-18,8:20,1,
MCDOELIVA1,2,57,squirrel,2016-07-18,9:01,1,
MCDOELIVA1,2,57,squirrel,2016-07-18,10:01,1,
MCDOELIVA1,2,57,cat,2016-07-18,20:37,1,Ellie
MCDOELIVA1,2,57,squirrel,2016-07-19,5:50,1,
MCDOELIVA1,2,57,squirrel,2016-07-19,10:59,1,
MCDOELIVA1,2,57,squirrel,2016-07-19,11:05,1,
MCDOELIVA1,2,57,squirrel,2016-07-19,11:07,1,
MCDOELIVA1,2,57,squirrel,2016-07-19,11:10,1,
MCDOELIVA1,2,57,squirrel,2016-07-19,12:15,1,
MCDOELIVA1,2,57,squirrel,2016-07-19,12:18,1,
MCDOELIVA1,2,57,squirrel,2016-07-19,12:59,1,
MCDOELIVA1,2,57,squirrel,2016-07-19,17:13,1,
MCDOELIVA1,2,57,fox,2016-07-20,0:06,1,
MCDOELIVA1,2,57,squirrel,2016-07-20,6:13,2,
MCDOELIVA1,2,57,squirrel,2016-07-20,6:16,1,
MCDOELIVA1,2,57,squirrel,2016-07-20,6:27,1,
MCDOELIVA1,2,57,squirrel,2016-07-20,6:29,1,
MCDOELIVA1,2,57,squirrel,2016-07-20,9:28,1,
MCDOELIVA1,2,57,squirrel,2016-07-20,15:39,1,
MCDOELIVA1,2,57,raccoon,2016-07-20,22:24,2,
MCDOELIVA1,2,57,cat,2016-07-20,22:50,1,Ellie
MCDOELIVA1,2,57,raccoon,2016-07-21,0:16,1,
MCDOELIVA1,2,57,squirrel,2016-07-21,6:11,2,
MCDOELIVA1,2,57,squirrel,2016-07-21,8:09,1,
MCDOELIVA1,2,57,squirrel,2016-07-21,8:41,1,
MCDOELIVA1,2,57,squirrel,2016-07-21,8:43,1,
MCDOELIVA1,2,57,squirrel,2016-07-21,9:23,2,
MCDOELIVA1,2,57,squirrel,2016-07-21,9:26,1,
MCDOELIVA1,3,55,cat,2016-08-01,22:58,1,Earl
MCDOELIVA1,3,55,cat,2016-08-02,23:42,1,Earl
MCDOELIVA1,3,55,squirrel,2016-08-03,9:12,1,
MCDOELIVA1,3,55,cat,2016-08-03,19:26,1,Ellie
MCDOELIVA1,3,55,cat,2016-08-03,19:28,1,Ellie
MCDOELIVA1,3,55,raccoon,2016-08-04,2:49,1,
MCDOELIVA1,3,55,squirrel,2016-08-04,9:42,1,
MCDOELIVA1,3,55,squirrel,2016-08-04,18:49,1,
MCDOELIVA1,3,55,cat,2016-08-04,20:10,1,Ellie
MCDOELIVA1,3,55,cat,2016-08-04,21:19,1,Ellie
MCDOELIVA1,3,55,cat,2016-08-05,4:54,1,Ellie
MCDOELIVA1,3,55,squirrel,2016-08-05,6:36,1,
MCDOELIVA1,3,55,squirrel,2016-08-06,7:58,1,
MCDOELIVA1,3,55,cat,2016-08-07,8:52,1,Ellie
MCDOELIVA1,3,55,squirrel,2016-08-07,11:02,1,
MCDOELIVA1,3,55,squirrel,2016-08-07,11:25,1,
MCDOELIVA1,3,55,squirrel,2016-08-07,16:50,1,
MCDOELIVA1,3,55,squirrel,2016-08-08,11:19,1,
MOLIKARMD1,1,68,squirrel,2016-06-13,17:02,1,
MOLIKARMD1,2,63,squirrel,2016-07-09,8:22,2,
MOLIKARMD1,2,63,squirrel,2016-07-09,12:36,2,
MOLIKARMD1,2,63,cat,2016-07-11,3:11,1,Kathryn
MOLIKARMD1,3,,,,,,
MORRCHRVA1,1,69,dog,2016-06-27,17:35,1,
MORRCHRVA1,1,69,fox,2016-06-29,2:00,1,
MORRCHRVA1,1,69,dog,2016-06-30,10:21,1,
MORRCHRVA1,1,69,dog,2016-06-30,17:14,1,
MORRCHRVA1,1,69,raccoon,2016-07-01,4:07,1,
MORRCHRVA1,1,69,dog,2016-07-01,17:25,1,
MORRCHRVA1,1,69,squirrel,2016-07-01,18:59,1,
MORRCHRVA1,1,69,dog,2016-07-02,17:32,1,
MORRCHRVA1,1,69,dog,2016-07-03,10:22,1,
MORRCHRVA1,1,69,dog,2016-07-03,13:06,1,
MORRCHRVA1,1,69,squirrel,2016-07-03,14:35,1,
MORRCHRVA1,2,99,dog,2016-07-19,6:53,1,
MORRCHRVA1,2,99,dog,2016-07-19,7:32,1,
MORRCHRVA1,2,99,dog,2016-07-20,8:24,1,
MORRCHRVA1,2,99,fox,2016-07-20,21:05,1,
MORRCHRVA1,2,99,dog,2016-07-21,16:02,1,
MORRCHRVA1,2,99,dog,2016-07-23,20:48,1,
MORRCHRVA1,2,99,dog,2016-07-24,10:19,1,
MORRCHRVA1,3,33,,,,,
MOSMCARMD1,1,55,cat,2016-06-28,15:33,1,Christine
MOSMCARMD1,1,55,fox,2016-06-30,2:26,1,
MOSMCARMD1,1,55,fox,2016-06-30,4:05,1,
MOSMCARMD1,1,55,dog,2016-06-30,11:02,1,
MOSMCARMD1,1,55,squirrel,2016-07-03,16:44,1,
MOSMCARMD1,1,55,squirrel,2016-07-03,17:45,1,
MOSMCARMD1,1,55,squirrel,2016-07-04,8:46,1,
MOSMCARMD1,1,55,squirrel,2016-07-04,9:07,1,
MOSMCARMD1,2,60,cat,2016-07-19,16:08,1,Christine
MOSMCARMD1,2,60,fox,2016-07-20,0:36,1,
MOSMCARMD1,2,60,fox,2016-07-20,1:56,1,
MOSMCARMD1,2,60,cat,2016-07-20,16:10,1,Christine
MOSMCARMD1,2,60,squirrel,2016-07-20,17:18,1,
MOSMCARMD1,2,60,squirrel,2016-07-20,18:14,1,
MOSMCARMD1,2,60,fox,2016-07-21,1:27,1,
MOSMCARMD1,2,60,fox,2016-07-21,4:58,1,
MOSMCARMD1,2,60,squirrel,2016-07-22,13:55,1,
MOSMCARMD1,2,60,squirrel,2016-07-22,14:34,1,
MOSMCARMD1,2,60,fox,2016-07-23,3:10,1,
MOSMCARMD1,2,60,fox,2016-07-23,3:25,1,
MOSMCARMD1,2,60,squirrel,2016-07-23,16:10,1,
MOSMCARMD1,2,60,fox,2016-07-24,2:01,1,
MOSMCARMD1,2,60,cat,2016-07-25,2:56,1,Click
MOSMCARMD1,2,60,cat,2016-07-25,2:57,1,Click
MOSMCARMD1,2,60,cat,2016-07-26,3:29,1,Catherine
MOSMCARMD1,3,,,,,,
NEWBCARVA1,1,64,squirrel,2016-06-17,13:02,1,
NEWBCARVA1,1,64,raccoon,2016-06-18,2:32,1,
NEWBCARVA1,1,64,raccoon,2016-06-18,2:21,1,
NEWBCARVA1,1,64,raccoon,2016-06-20,21:17,1,
NEWBCARVA1,2,73,raccoon,2016-07-12,0:04,1,
NEWBCARVA1,2,73,raccoon,2016-07-14,4:19,1,
NEWBCARVA1,2,73,squirrel,2016-07-14,6:53,1,
NEWBCARVA1,2,73,raccoon,2016-07-14,23:25,5,
NEWBCARVA1,2,73,chipmunk,2016-07-16,11:29,1,
NEWBCARVA1,2,73,squirrel,2016-07-16,11:29,1,
NEWBCARVA1,2,73,fox,2016-07-16,22:14,1,
NEWBCARVA1,2,73,raccoon,2016-07-17,2:11,1,
NEWBCARVA1,3,60,dog,2016-08-15,19:40,2,
NEWBCARVA1,3,60,dog,2016-08-15,20:05,2,
NEWBCARVA1,3,60,dog,2016-08-16,17:30,1,
NEWBCARVA1,3,60,fox,2016-08-16,22:26,1,
NEWBCARVA1,3,60,squirrel,2016-08-17,14:57,1,
NEWBCARVA1,3,60,squirrel,2016-08-19,6:44,1,
NEWBCARVA1,3,60,squirrel,2016-08-19,10:21,1,
NEWBCARVA1,3,60,fox,2016-08-20,2:36,1,
NEWBCARVA1,3,60,raccoon,2016-08-20,22:26,1,
NEWBCARVA1,3,60,raccoon,2016-08-21,3:46,1,
OBRICHRMD1,1,51,raccoon,2016-06-29,21:13,1,
OBRICHRMD1,1,51,raccoon,2016-06-30,1:27,1,
OBRICHRMD1,1,51,cat,2016-06-30,3:45,1,Clive
OBRICHRMD1,1,51,squirrel,2016-06-30,14:00,1,
OBRICHRMD1,1,51,opossum,2016-07-01,2:13,1,
OBRICHRMD1,1,51,squirrel,2016-07-01,14:07,1,
OBRICHRMD1,1,51,opossum,2016-07-02,4:06,1,
OBRICHRMD1,1,51,squirrel,2016-07-02,14:08,1,
OBRICHRMD1,1,51,raccoon,2016-07-02,20:35,1,
OBRICHRMD1,1,51,raccoon,2016-07-02,20:39,1,
OBRICHRMD1,1,51,raccoon,2016-07-02,20:50,2,
OBRICHRMD1,1,51,raccoon,2016-07-03,21:45,3,
OBRICHRMD1,1,51,opossum,2016-07-03,22:46,1,
OBRICHRMD1,1,51,raccoon,2016-07-04,3:40,1,
OBRICHRMD1,1,51,cat,2016-07-06,7:50,1,Clive
OBRICHRMD1,2,73,groundhog,2016-07-27,9:24,1,
OBRICHRMD1,2,73,raccoon,2016-07-30,3:30,1,
OBRICHRMD1,2,73,raccoon,2016-07-30,3:57,1,
OBRICHRMD1,2,73,raccoon,2016-07-30,5:19,1,
OBRICHRMD1,2,73,squirrel,2016-08-02,18:23,1,
OBRICHRMD1,2,73,raccoon,2016-08-03,2:54,2,
OBRICHRMD1,3,,,,,,
ONTAHOUDC1,1,71,dog,2016-06-13,19:08,1,
ONTAHOUDC1,1,71,dog,2016-06-14,15:36,1,
ONTAHOUDC1,1,71,dog,2016-06-14,16:00,1,
ONTAHOUDC1,1,71,squirrel,2016-06-14,19:31,1,
ONTAHOUDC1,1,71,cat,2016-06-15,3:06,1,Holden
ONTAHOUDC1,1,71,dog,2016-06-15,9:07,1,
ONTAHOUDC1,1,71,dog,2016-06-15,14:52,1,
ONTAHOUDC1,1,71,dog,2016-06-16,13:38,1,
ONTAHOUDC1,1,71,dog,2016-06-17,9:08,2,
ONTAHOUDC1,1,71,dog,2016-06-17,12:49,1,
ONTAHOUDC1,1,71,dog,2016-07-18,15:51,1,
ONTAHOUDC1,2,40,,,,,
ONTAHOUDC1,3,57,dog,2016-08-03,8:51,1,
ONTAHOUDC1,3,57,squirrel,2016-08-09,10:01,1,
PADORAMVA1,1,68,squirrel,2016-06-23,14:27,2,
PADORAMVA1,1,68,squirrel,2016-06-24,7:17,1,
PADORAMVA1,1,68,squirrel,2016-06-24,8:00,1,
PADORAMVA1,1,68,squirrel,2016-06-24,8:09,1,
PADORAMVA1,1,68,squirrel,2016-06-24,8:24,1,
PADORAMVA1,1,68,squirrel,2016-06-24,8:45,1,
PADORAMVA1,1,68,squirrel,2016-06-24,10:32,1,
PADORAMVA1,1,68,squirrel,2016-06-25,9:00,1,
PADORAMVA1,1,68,squirrel,2016-06-26,6:48,3,
PADORAMVA1,1,68,squirrel,2016-06-26,10:21,3,
PADORAMVA1,1,68,squirrel,2016-06-27,11:03,1,
PADORAMVA1,1,68,squirrel,2016-06-27,15:46,1,
PADORAMVA1,1,68,squirrel,2016-06-29,7:16,1,
PADORAMVA1,1,68,squirrel,2016-06-29,8:11,1,
PADORAMVA1,1,68,squirrel,2016-06-29,8:12,1,
PADORAMVA1,1,68,squirrel,2016-06-29,12:09,1,
PADORAMVA1,1,68,squirrel,2016-06-29,12:50,1,
PADORAMVA1,1,68,squirrel,2016-06-29,12:58,1,
PADORAMVA1,1,68,squirrel,2016-06-29,16:06,1,
PADORAMVA1,1,68,squirrel,2016-06-29,17:26,2,
PADORAMVA1,1,68,squirrel,2016-06-29,18:36,1,
PADORAMVA1,1,68,squirrel,2016-06-30,7:50,1,
PADORAMVA1,2,71,squirrel,2016-07-07,11:40,1,
PADORAMVA1,2,71,squirrel,2016-07-07,13:52,1,
PADORAMVA1,2,71,fox,2016-07-07,23:17,1,
PADORAMVA1,2,71,squirrel,2016-07-08,10:03,2,
PADORAMVA1,2,71,squirrel,2016-07-09,7:06,1,
PADORAMVA1,2,71,squirrel,2016-07-09,8:21,1,
PADORAMVA1,2,71,squirrel,2016-07-09,8:37,1,
PADORAMVA1,2,71,squirrel,2016-07-09,8:44,1,
PADORAMVA1,2,71,squirrel,2016-07-09,8:49,1,
PADORAMVA1,2,71,squirrel,2016-07-09,10:21,1,
PADORAMVA1,2,71,squirrel,2016-07-09,13:22,1,
PADORAMVA1,2,71,squirrel,2016-07-09,16:04,1,
PADORAMVA1,2,71,squirrel,2016-07-09,17:22,1,
PADORAMVA1,2,71,squirrel,2016-07-10,7:20,1,
PADORAMVA1,2,71,squirrel,2016-07-10,13:50,1,
PADORAMVA1,2,71,fox,2016-07-11,5:12,1,
PADORAMVA1,2,71,squirrel,2016-07-11,14:47,1,
PADORAMVA1,2,71,dog,2016-07-12,8:00,2,
PADORAMVA1,3,,,,,,
PERRCHRMD1,1,71,fox,2016-06-22,23:34,1,
PERRCHRMD1,1,71,fox,2016-06-23,1:14,1,
PERRCHRMD1,1,71,dog,2016-06-23,17:04,1,
PERRCHRMD1,1,71,fox,2016-06-23,22:33,1,
PERRCHRMD1,1,71,fox,2016-06-23,22:36,1,
PERRCHRMD1,1,71,fox,2016-06-25,1:57,1,
PERRCHRMD1,1,71,dog,2016-06-25,19:01,1,
PERRCHRMD1,1,71,fox,2016-06-25,22:03,1,
PERRCHRMD1,1,71,fox,2016-06-25,22:19,1,
PERRCHRMD1,1,71,fox,2016-06-26,21:20,1,
PERRCHRMD1,1,71,fox,2016-06-26,22:54,1,
PERRCHRMD1,1,71,fox,2016-06-26,23:02,1,
PERRCHRMD1,1,71,fox,2016-06-26,23:11,1,
PERRCHRMD1,2,99,dog,2016-07-26,8:45,1,
PERRCHRMD1,2,99,dog,2016-07-26,12:26,1,
PERRCHRMD1,2,99,dog,2016-07-27,8:19,1,
PERRCHRMD1,2,99,dog,2016-07-27,8:25,1,
PERRCHRMD1,2,99,dog,2016-07-27,12:12,1,
PERRCHRMD1,2,99,dog,2016-07-27,14:42,1,
PERRCHRMD1,2,99,dog,2016-07-28,16:09,1,
PERRCHRMD1,2,99,dog,2016-07-29,17:39,1,
PERRCHRMD1,2,99,dog,2016-08-01,17:12,1,
PERRCHRMD1,3,40,dog,2016-08-07,9:47,1,
PERRCHRMD1,3,40,dog,2016-08-07,12:59,1,
PERRCHRMD1,3,40,fox,2016-08-08,4:07,1,
PERRCHRMD1,3,40,dog,2016-08-08,18:54,1,
PERRCHRMD1,3,40,dog,2016-08-10,15:53,1,
PHARAIMMD1,1,71,dog,2016-06-28,13:53,1,
PHARAIMMD1,1,71,squirrel,2016-06-29,12:05,1,
PHARAIMMD1,1,71,squirrel,2016-06-29,12:26,1,
PHARAIMMD1,1,71,squirrel,2016-06-29,13:37,1,
PHARAIMMD1,1,71,dog,2016-06-29,15:07,1,
PHARAIMMD1,1,71,squirrel,2016-06-29,19:06,1,
PHARAIMMD1,1,71,fox,2016-06-29,20:45,1,
PHARAIMMD1,1,71,dog,2016-06-29,23:18,1,
PHARAIMMD1,1,71,dog,2016-06-30,8:13,1,
PHARAIMMD1,1,71,dog,2016-06-30,8:15,1,
PHARAIMMD1,1,71,dog,2016-06-30,8:19,1,
PHARAIMMD1,1,71,squirrel,2016-06-30,13:25,2,
PHARAIMMD1,1,71,squirrel,2016-06-30,13:45,1,
PHARAIMMD1,1,71,dog,2016-06-30,22:10,2,
PHARAIMMD1,1,71,dog,2016-07-01,7:34,1,
PHARAIMMD1,1,71,fox,2016-07-01,16:16,1,
PHARAIMMD1,1,71,dog,2016-07-01,23:36,1,
PHARAIMMD1,1,71,squirrel,2016-07-02,10:57,1,
PHARAIMMD1,1,71,squirrel,2016-07-02,11:06,1,
PHARAIMMD1,1,71,dog,2016-07-02,12:12,2,
PHARAIMMD1,1,71,fox,2016-07-02,12:59,1,
PHARAIMMD1,1,71,dog,2016-07-02,17:12,2,
PHARAIMMD1,1,71,fox,2016-07-03,0:00,1,
PHARAIMMD1,1,71,fox,2016-07-03,12:28,1,
PHARAIMMD1,1,71,fox,2016-07-03,14:22,1,
PHARAIMMD1,1,71,raccoon,2016-07-04,1:40,1,
PHARAIMMD1,2,21,squirrel,2016-07-27,9:37,1,
PHARAIMMD1,2,21,squirrel,2016-07-27,15:34,1,
PHARAIMMD1,2,21,squirrel,2016-07-30,8:51,1,
PHARAIMMD1,2,21,fox,2016-07-31,13:07,1,
PHARAIMMD1,2,21,fox,2016-07-31,20:22,1,
PHARAIMMD1,2,21,fox,2016-07-31,23:18,1,
PHARAIMMD1,2,21,dog,2016-08-02,7:48,1,
PHARAIMMD1,3,68,dog,2016-08-09,17:10,1,
PHARAIMMD1,3,68,dog,2016-08-09,17:13,1,
PHARAIMMD1,3,68,dog,2016-08-11,7:30,1,
PHARAIMMD1,3,68,dog,2016-08-11,23:26,1,
PHARAIMMD1,3,68,dog,2016-08-11,23:28,1,
PHARAIMMD1,3,68,dog,2016-08-12,7:28,1,
PHARAIMMD1,3,68,dog,2016-08-13,7:07,1,
PHARAIMMD1,3,68,dog,2016-08-13,15:39,1,
PHARAIMMD1,3,68,dog,2016-08-13,20:54,1,
PHARAIMMD1,3,68,dog,2016-08-13,23:06,2,
PHARAIMMD1,3,68,dog,2016-08-14,7:41,1,
PHARAIMMD1,3,68,dog,2016-08-14,10:03,1,
PHARAIMMD1,3,68,dog,2016-08-14,10:07,1,
PHARAIMMD1,3,68,dog,2016-08-14,14:14,1,
PHARAIMMD1,3,68,dog,2016-08-14,14:18,1,
PHARAIMMD1,3,68,dog,2016-08-15,22:36,2,
PHARAIMMD1,3,68,dog,2016-08-16,6:32,1,
PHARAIMMD1,3,68,dog,2016-08-16,6:35,1,
PHARAIMMD1,3,68,dog,2016-08-16,8:48,1,
PIROELADC1,1,60,squirrel,2016-06-07,12:39,1,
PIROELADC1,1,60,squirrel,2016-06-07,13:04,2,
PIROELADC1,1,60,squirrel,2016-06-07,13:09,1,
PIROELADC1,1,60,squirrel,2016-06-07,14:35,1,
PIROELADC1,1,60,squirrel,2016-06-08,6:27,1,
PIROELADC1,1,60,squirrel,2016-06-08,11:19,2,
PIROELADC1,1,60,squirrel,2016-06-08,11:28,1,
PIROELADC1,1,60,squirrel,2016-06-09,16:28,1,
PIROELADC1,1,60,squirrel,2016-06-09,17:32,1,
PIROELADC1,1,60,squirrel,2016-06-09,17:35,1,
PIROELADC1,1,60,squirrel,2016-06-10,14:00,1,
PIROELADC1,1,60,squirrel,2016-06-10,17:10,1,
PIROELADC1,1,60,squirrel,2016-06-10,19:08,1,
PIROELADC1,1,60,squirrel,2016-06-10,19:10,1,
PIROELADC1,1,60,cat,2016-06-10,23:52,1,Ermine
PIROELADC1,1,60,squirrel,2016-06-11,17:53,1,
PIROELADC1,1,60,cat,2016-06-12,23:45,1,Ermine
PIROELADC1,1,60,cat,2016-06-13,5:30,1,Ermine
PIROELADC1,1,60,squirrel,2016-06-13,6:35,1,
PIROELADC1,1,60,squirrel,2016-06-13,12:38,1,
PIROELADC1,1,60,raccoon,2016-06-14,2:12,1,
PIROELADC1,2,39,squirrel,2016-07-29,16:57,1,
PIROELADC1,2,39,raccoon,2016-08-01,3:07,1,
PIROELADC1,2,39,raccoon,2016-08-01,3:32,1,
PIROELADC1,2,39,cat,2016-08-01,10:33,1,Ermine
PIROELADC1,2,39,squirrel,2016-08-01,15:08,1,
PIROELADC1,2,39,squirrel,2016-08-01,15:11,1,
PIROELADC1,2,39,squirrel,2016-08-02,7:55,1,
PIROELADC1,2,39,raccoon,2016-08-03,2:10,1,
PIROELADC1,3,,,,,,
REITBOBMD1,1,60,dog,2016-06-23,9:52,1,
REITBOBMD1,1,60,dog,2016-06-23,10:48,1,
REITBOBMD1,1,60,dog,2016-06-23,12:24,1,
REITBOBMD1,1,60,dog,2016-06-23,12:46,1,
REITBOBMD1,1,60,dog,2016-06-23,19:45,1,
REITBOBMD1,1,60,squirrel,2016-06-24,11:47,2,
REITBOBMD1,1,60,squirrel,2016-06-24,14:24,1,
REITBOBMD1,1,60,dog,2016-06-24,14:49,1,
REITBOBMD1,1,60,dog,2016-06-24,18:45,1,
REITBOBMD1,1,60,dog,2016-06-24,19:11,1,
REITBOBMD1,1,60,dog,2016-06-25,10:32,1,
REITBOBMD1,1,60,dog,2016-06-25,12:01,1,
REITBOBMD1,1,60,dog,2016-06-25,16:35,1,
REITBOBMD1,1,60,dog,2016-06-25,16:38,1,
REITBOBMD1,1,60,dog,2016-06-26,12:54,1,
REITBOBMD1,1,60,dog,2016-06-27,19:57,1,
REITBOBMD1,1,60,dog,2016-06-28,18:18,1,
REITBOBMD1,1,60,dog,2016-06-28,20:04,1,
REITBOBMD1,2,33,dog,2016-07-04,23:41,1,
REITBOBMD1,2,33,dog,2016-07-05,8:37,1,
REITBOBMD1,3,73,dog,2016-08-15,8:05,1,
REITBOBMD1,3,73,dog,2016-08-18,18:11,1,
REITBOBMD1,3,73,raccoon,2016-08-19,4:23,1,
REITBOBMD1,3,73,dog,2016-08-19,7:11,1,
REITBOBMD1,3,73,dog,2016-08-19,8:20,1,
REITBOBMD1,3,73,dog,2016-08-19,17:24,1,
ROHRSALMD1,1,73,cat,2016-07-02,8:32,1,Charlie
ROHRSALMD1,1,73,cat,2016-07-02,8:50,1,Salvatore
ROHRSALMD1,1,73,cat,2016-07-02,17:13,1,Salvatore
ROHRSALMD1,1,73,cat,2016-07-03,23:21,1,Charlie
ROHRSALMD1,1,73,raccoon,2016-07-08,1:25,1,
ROHRSALMD1,2,40,raccoon,2016-07-29,21:35,1,
ROHRSALMD1,2,40,cat,2016-07-30,4:34,1,Charlie
ROHRSALMD1,2,40,cat,2016-07-30,16:31,2,"Charlie, Sally"
ROHRSALMD1,2,40,cat,2016-08-02,7:37,1,Sally
ROHRSALMD1,2,40,cat,2016-08-02,19:12,1,Sally
ROHRSALMD1,2,40,cat,2016-08-03,7:26,1,Sally
ROHRSALMD1,2,40,cat,2016-08-03,7:30,1,Sally
ROHRSALMD1,2,40,cat,2016-08-03,8:17,1,Charlie
ROHRSALMD1,2,40,cat,2016-08-03,8:45,1,Charlie
ROHRSALMD1,2,40,cat,2016-08-03,9:45,1,Salvatore
ROHRSALMD1,2,40,opossum,2016-08-04,1:38,1,
ROHRSALMD1,2,40,cat,2016-08-04,8:48,1,Salman
ROHRSALMD1,2,40,cat,2016-08-04,9:17,1,Salvatore
ROHRSALMD1,2,40,cat,2016-08-04,21:34,1,Charlie
ROHRSALMD1,2,40,cat,2016-08-04,23:03,1,Charlie
ROHRSALMD1,2,40,raccoon,2016-08-05,4:02,1,
ROHRSALMD1,2,40,cat,2016-08-05,7:07,1,Charlie
ROHRSALMD1,3,71,raccoon,2016-08-15,3:15,1,
ROHRSALMD1,3,71,,2016-08-17,23:30,,
ROHRSALMD1,3,71,cat,2016-08-19,18:42,1,Charlie
ROHRSALMD1,3,71,cat,2016-08-20,5:35,1,Charlie
ROHRSALMD1,3,71,cat,2016-08-21,7:07,1,Charlie
SALOSHEMD1,1,58,fox,2016-06-08,21:46,1,
SALOSHEMD1,1,58,squirrel,2016-06-09,7:57,2,
SALOSHEMD1,1,58,squirrel,2016-06-10,8:09,1,
SALOSHEMD1,1,58,raccoon,2016-06-11,4:36,1,
SALOSHEMD1,1,58,fox,2016-06-11,5:24,1,
SALOSHEMD1,1,58,fox,2016-06-11,22:17,1,
SALOSHEMD1,1,58,fox,2016-06-12,1:14,1,
SALOSHEMD1,1,58,raccoon,2016-06-12,2:26,1,
SALOSHEMD1,1,58,raccoon,2016-06-12,2:31,1,
SALOSHEMD1,2,64,fox,2016-07-21,5:50,1,
SALOSHEMD1,2,64,fox,2016-07-21,5:52,1,
SALOSHEMD1,2,64,raccoon,2016-07-21,21:14,1,
SALOSHEMD1,2,64,raccoon,2016-07-21,21:42,1,
SALOSHEMD1,2,64,raccoon,2016-07-21,21:47,1,
SALOSHEMD1,2,64,raccoon,2016-07-21,21:52,1,
SALOSHEMD1,2,64,raccoon,2016-07-22,0:49,1,
SALOSHEMD1,2,64,raccoon,2016-07-22,0:58,1,
SALOSHEMD1,2,64,raccoon,2016-07-22,1:12,1,
SALOSHEMD1,2,64,fox,2016-07-22,3:04,1,
SALOSHEMD1,2,64,raccoon,2016-07-22,22:59,1,
SALOSHEMD1,2,64,fox,2016-07-23,2:03,1,
SALOSHEMD1,2,64,raccoon,2016-07-23,2:13,1,
SALOSHEMD1,2,64,squirrel,2016-07-23,14:37,1,
SALOSHEMD1,2,64,groundhog,2016-07-23,16:12,1,
SALOSHEMD1,2,64,groundhog,2016-07-23,16:34,1,
SALOSHEMD1,2,64,raccoon,2016-07-23,21:51,1,
SALOSHEMD1,2,64,raccoon,2016-07-23,23:24,5,
SALOSHEMD1,2,64,raccoon,2016-07-24,1:23,1,
SALOSHEMD1,2,64,raccoon,2016-07-24,2:26,1,
SALOSHEMD1,2,64,squirrel,2016-07-24,11:26,1,
SALOSHEMD1,2,64,squirrel,2016-07-24,13:46,1,
SALOSHEMD1,2,64,fox,2016-07-25,5:21,1,
SALOSHEMD1,2,64,groundhog,2016-07-25,17:49,1,
SALOSHEMD1,2,64,fox,2016-07-26,5:27,1,
SALOSHEMD1,2,64,squirrel,2016-07-26,12:14,1,
SALOSHEMD1,2,64,squirrel,2016-07-26,12:17,1,
SALOSHEMD1,2,64,squirrel,2016-07-26,12:20,1,
SALOSHEMD1,2,64,squirrel,2016-07-26,16:22,1,
SALOSHEMD1,2,64,fox,2016-07-26,20:58,1,
SALOSHEMD1,2,64,raccoon,2016-07-26,23:14,1,
SALOSHEMD1,2,64,fox,2016-07-27,0:02,1,
SALOSHEMD1,2,64,raccoon,2016-07-27,1:17,1,
SALOSHEMD1,3,64,groundhog,2016-08-04,18:03,1,
SALOSHEMD1,3,64,raccoon,2016-08-04,22:34,1,
SALOSHEMD1,3,64,raccoon,2016-08-04,22:35,2,
SALOSHEMD1,3,64,raccoon,2016-08-05,2:23,1,
SALOSHEMD1,3,64,raccoon,2016-08-05,2:26,1,
SALOSHEMD1,3,64,fox,2016-08-05,4:57,1,
SALOSHEMD1,3,64,raccoon,2016-08-05,20:59,1,
SALOSHEMD1,3,64,fox,2016-08-06,5:07,1,
SALOSHEMD1,3,64,raccoon,2016-08-06,23:26,1,
SALOSHEMD1,3,64,fox,2016-08-07,1:42,1,
SALOSHEMD1,3,64,fox,2016-08-07,5:03,1,
SALOSHEMD1,3,64,raccoon,2016-08-07,5:27,2,
SALOSHEMD1,3,64,groundhog,2016-08-07,12:57,1,
SALOSHEMD1,3,64,raccoon,2016-08-07,21:07,1,
SALOSHEMD1,3,64,raccoon,2016-08-08,0:43,1,
SALOSHEMD1,3,64,raccoon,2016-08-08,1:34,1,
SALOSHEMD1,3,64,raccoon,2016-08-08,2:22,1,
SALOSHEMD1,3,64,raccoon,2016-08-08,5:06,1,
SALOSHEMD1,3,64,groundhog,2016-08-08,10:53,1,
SALOSHEMD1,3,64,raccoon,2016-08-09,4:05,1,
SALOSHEMD1,3,64,groundhog,2016-08-09,6:42,1,
SALOSHEMD1,3,64,groundhog,2016-08-10,18:24,1,
SCHLROBMD1,1,64,groundhog,2016-06-28,9:43,1,
SCHLROBMD1,1,64,dog,2016-06-28,16:00,1,
SCHLROBMD1,1,64,groundhog,2016-06-30,18:08,1,
SCHLROBMD1,1,64,groundhog,2016-07-01,14:34,1,
SCHLROBMD1,1,64,groundhog,2016-07-01,17:21,1,
SCHLROBMD1,1,64,groundhog,2016-07-02,18:29,1,
SCHLROBMD1,1,64,groundhog,2016-07-02,18:32,1,
SCHLROBMD1,1,64,groundhog,2016-07-02,18:51,1,
SCHLROBMD1,1,64,groundhog,2016-07-03,12:39,1,
SCHLROBMD1,1,64,groundhog,2016-07-05,9:25,1,
SCHLROBMD1,2,55,dog,2016-07-19,21:19,1,
SCHLROBMD1,2,55,dog,2016-07-20,17:56,1,
SCHLROBMD1,2,55,dog,2016-07-20,18:03,1,
SCHLROBMD1,2,55,cat,2016-07-21,1:03,1,Rex
SCHLROBMD1,2,55,cat,2016-07-21,2:36,1,Rex
SCHLROBMD1,2,55,fox,2016-07-22,5:02,1,
SCHLROBMD1,2,55,dog,2016-07-22,7:42,1,
SCHLROBMD1,2,55,dog,2016-07-22,9:43,1,
SCHLROBMD1,2,55,dog,2016-07-22,9:56,1,
SCHLROBMD1,2,55,dog,2016-07-22,9:57,1,
SCHLROBMD1,2,55,squirrel,2016-07-22,16:35,1,
SCHLROBMD1,2,55,dog,2016-07-22,17:19,1,
SCHLROBMD1,2,55,dog,2016-07-22,22:37,1,
SCHLROBMD1,2,55,raccoon,2016-07-22,23:09,1,
SCHLROBMD1,2,55,dog,2016-07-24,7:43,1,
SCHLROBMD1,2,55,dog,2016-07-24,18:56,1,
SCHLROBMD1,2,55,dog,2016-07-24,8:35,1,
SCHLROBMD1,2,55,dog,2016-07-24,8:37,1,
SCHLROBMD1,2,55,dog,2016-07-24,18:27,1,
SCHLROBMD1,2,55,dog,2016-07-24,21:06,1,
SCHLROBMD1,3,69,dog,2016-08-09,8:54,1,
SCHLROBMD1,3,69,dog,2016-08-10,20:09,1,
SCHLROBMD1,3,69,dog,2016-08-10,20:17,1,
SCHLROBMD1,3,69,dog,2016-08-10,21:44,1,
SCHLROBMD1,3,69,dog,2016-08-11,7:41,1,
SCHLROBMD1,3,69,dog,2016-08-11,8:44,1,
SCHLROBMD1,3,69,dog,2016-08-11,22:52,1,
SCHLROBMD1,3,69,dog,2016-08-12,17:29,1,
SCHLROBMD1,3,69,dog,2016-08-12,17:30,1,
SCHLROBMD1,3,69,dog,2016-08-12,21:40,1,
SCHLROBMD1,3,69,cat,2016-08-13,16:35,1,Rex
SCHLROBMD1,3,69,dog,2016-08-14,9:42,1,
SCHLROBMD1,3,69,dog,2016-08-15,17:51,1,
SILLSCOMD1,1,21,cat,2016-06-09,10:26,1,Sean
SILLSCOMD1,1,21,cat,2016-06-10,3:05,1,Sammy
SILLSCOMD1,1,21,cat,2016-06-10,3:13,1,Sammy
SILLSCOMD1,1,21,cat,2016-06-10,5:01,1,Sammy
SILLSCOMD1,1,21,cat,2016-06-10,5:32,1,Sammy
SILLSCOMD1,1,21,cat,2016-06-10,5:40,1,Sammy
SILLSCOMD1,1,21,squirrel,2016-06-10,7:12,1,
SILLSCOMD1,1,21,squirrel,2016-06-10,7:36,1,
SILLSCOMD1,1,21,squirrel,2016-06-10,11:24,1,
SILLSCOMD1,1,21,squirrel,2016-06-10,12:50,1,
SILLSCOMD1,1,21,opossum,2016-06-10,23:06,1,
SILLSCOMD1,1,21,cat,2016-06-11,0:03,1,Sammy
SILLSCOMD1,1,21,raccoon,2016-06-11,0:21,1,
SILLSCOMD1,1,21,opossum,2016-06-11,2:41,1,
SILLSCOMD1,1,21,cat,2016-06-11,5:02,1,Soledad
SILLSCOMD1,1,21,cat,2016-06-11,23:07,1,Sammy
SILLSCOMD1,1,21,raccoon,2016-06-12,0:58,1,
SILLSCOMD1,1,21,cat,2016-06-12,6:03,1,Sammy
SILLSCOMD1,1,21,cat,2016-06-12,22:44,1,Sammy
SILLSCOMD1,1,21,opossum,2016-06-13,2:30,1,
SILLSCOMD1,1,21,squirrel,2016-06-13,16:45,1,
SILLSCOMD1,1,21,cat,2016-06-13,20:41,1,Sammy
SILLSCOMD1,1,21,cat,2016-06-14,1:06,1,Sammy
SILLSCOMD1,1,21,cat,2016-06-14,3:04,1,Sammy
SILLSCOMD1,1,21,opossum,2016-06-14,22:13,1,
SILLSCOMD1,1,21,raccoon,2016-06-15,1:01,2,
SILLSCOMD1,1,21,squirrel,2016-06-15,15:42,1,
SILLSCOMD1,1,21,squirrel,2016-06-15,15:48,1,
SILLSCOMD1,1,21,cat,2016-06-15,23:42,1,Sparky
SILLSCOMD1,1,21,cat,2016-06-16,5:20,1,Sparky
SILLSCOMD1,1,21,cat,2016-06-16,7:33,1,Sammy
SILLSCOMD1,2,64,cat,2016-07-06,22:11,1,Sammy
SILLSCOMD1,2,64,cat,2016-07-08,1:27,1,Sean
SILLSCOMD1,2,64,cat,2016-07-08,5:15,1,Sammy
SILLSCOMD1,2,64,cat,2016-07-08,5:31,1,Sammy
SILLSCOMD1,2,64,cat,2016-07-08,8:28,1,Sean
SILLSCOMD1,2,64,squirrel,2016-07-08,11:39,1,
SILLSCOMD1,2,64,cat,2016-07-09,1:48,1,Sean
SILLSCOMD1,2,64,squirrel,2016-07-10,15:14,1,
SILLSCOMD1,2,64,raccoon,2016-07-11,2:33,1,
SILLSCOMD1,2,64,opossum,2016-07-11,3:53,1,
SILLSCOMD1,2,64,squirrel,2016-07-11,12:41,1,
SILLSCOMD1,2,64,opossum,2016-07-12,1:39,1,
SILLSCOMD1,2,64,cat,2016-07-12,3:15,1,Sammy
SILLSCOMD1,2,64,cat,2016-07-12,7:32,1,Sean
SILLSCOMD1,2,64,squirrel,2016-07-12,14:04,1,
SILLSCOMD1,2,64,squirrel,2016-07-13,9:46,1,
SILLSCOMD1,3,51,cat,2016-08-13,1:02,1,Sean
SILLSCOMD1,3,51,squirrel,2016-08-17,10:59,1,
SILLSCOMD1,3,51,squirrel,2016-08-17,12:35,1,
STANJEFMD1,1,21,fox,2016-06-17,15:05,1,
STANJEFMD1,1,21,cat,2016-06-17,17:29,1,Sarah
STANJEFMD1,1,21,squirrel,2016-06-17,19:13,1,
STANJEFMD1,1,21,dog,2016-06-17,19:41,1,
STANJEFMD1,1,21,squirrel,2016-06-17,20:02,1,
STANJEFMD1,1,21,dog,2016-06-17,20:16,1,
STANJEFMD1,1,21,dog,2016-06-17,20:19,1,
STANJEFMD1,1,21,fox,2016-06-18,1:02,1,
STANJEFMD1,1,21,dog,2016-06-18,8:51,1,
STANJEFMD1,1,21,dog,2016-06-18,8:56,1,
STANJEFMD1,1,21,squirrel,2016-06-18,9:27,1,
STANJEFMD1,1,21,dog,2016-06-18,20:19,1,
STANJEFMD1,1,21,dog,2016-06-18,20:24,1,
STANJEFMD1,1,21,squirrel,2016-06-19,9:54,1,
STANJEFMD1,1,21,squirrel,2016-06-20,15:48,1,
STANJEFMD1,1,21,dog,2016-06-20,19:10,1,
STANJEFMD1,1,21,dog,2016-06-20,19:18,1,
STANJEFMD1,1,21,fox,2016-06-20,21:20,1,
STANJEFMD1,1,21,dog,2016-06-21,8:21,1,
STANJEFMD1,1,21,dog,2016-06-21,8:25,1,
STANJEFMD1,1,21,dog,2016-06-21,20:47,1,
STANJEFMD1,1,21,dog,2016-06-21,20:49,1,
STANJEFMD1,1,21,dog,2016-06-22,8:02,1,
STANJEFMD1,1,21,dog,2016-06-22,8:06,1,
STANJEFMD1,1,21,dog,2016-06-22,8:13,1,
STANJEFMD1,1,21,dog,2016-06-22,21:09,1,
STANJEFMD1,1,21,dog,2016-06-22,21:15,1,
STANJEFMD1,1,21,dog,2016-06-23,1:06,1,
STANJEFMD1,1,21,dog,2016-06-23,8:21,1,
STANJEFMD1,1,21,dog,2016-06-23,8:23,1,
STANJEFMD1,1,21,cat,2016-06-23,14:35,1,Sarah
STANJEFMD1,1,21,cat,2016-06-23,16:22,1,Sarah
STANJEFMD1,1,21,dog,2016-06-23,16:46,1,
STANJEFMD1,1,21,fox,2016-06-23,17:20,1,
STANJEFMD1,1,21,dog,2016-06-23,20:08,1,
STANJEFMD1,1,21,dog,2016-06-23,20:13,1,
STANJEFMD1,2,64,dog,2016-07-27,17:35,1,
STANJEFMD1,2,64,dog,2016-07-27,20:46,1,
STANJEFMD1,2,64,dog,2016-07-27,20:51,1,
STANJEFMD1,2,64,dog,2016-07-27,20:58,1,
STANJEFMD1,2,64,dog,2016-07-27,21:29,1,
STANJEFMD1,2,64,dog,2016-07-28,8:15,1,
STANJEFMD1,2,64,dog,2016-07-28,8:23,1,
STANJEFMD1,2,64,dog,2016-07-29,7:54,1,
STANJEFMD1,2,64,dog,2016-07-29,8:02,1,
STANJEFMD1,2,64,dog,2016-07-29,8:29,1,
STANJEFMD1,2,64,dog,2016-07-29,8:33,1,
STANJEFMD1,2,64,squirrel,2016-07-29,13:48,1,
STANJEFMD1,2,64,dog,2016-07-29,19:41,1,
STANJEFMD1,2,64,fox,2016-07-29,20:44,1,
STANJEFMD1,2,64,dog,2016-07-29,21:27,1,
STANJEFMD1,2,64,dog,2016-07-29,21:30,1,
STANJEFMD1,2,64,fox,2016-07-30,7:13,1,
STANJEFMD1,2,64,fox,2016-07-30,8:08,1,
STANJEFMD1,2,64,fox,2016-07-30,8:13,1,
STANJEFMD1,2,64,fox,2016-07-31,8:12,1,
STANJEFMD1,2,64,dog,2016-07-31,8:51,1,
STANJEFMD1,2,64,dog,2016-07-31,8:52,1,
STANJEFMD1,2,64,dog,2016-07-31,9:35,1,
STANJEFMD1,2,64,dog,2016-07-31,9:36,1,
STANJEFMD1,2,64,fox,2016-07-31,20:48,1,
STANJEFMD1,2,64,fox,2016-07-31,20:52,1,
STANJEFMD1,2,64,dog,2016-07-31,21:21,1,
STANJEFMD1,2,64,dog,2016-07-31,21:24,1,
STANJEFMD1,2,64,dog,2016-08-01,7:42,1,
STANJEFMD1,2,64,dog,2016-08-01,7:45,1,
STANJEFMD1,2,64,dog,2016-08-01,8:17,1,
STANJEFMD1,2,64,dog,2016-08-01,18:32,1,
STANJEFMD1,2,64,dog,2016-08-01,21:03,1,
STANJEFMD1,2,64,fox,2016-08-01,23:26,1,
STANJEFMD1,2,64,cat,2016-08-02,5:17,1,Sarah
STANJEFMD1,2,64,dog,2016-08-02,8:02,1,
STANJEFMD1,2,64,dog,2016-08-02,10:39,1,
STANJEFMD1,2,64,fox,2016-08-02,21:05,1,
STANJEFMD1,2,64,dog,2016-08-03,8:08,1,
STANJEFMD1,2,64,dog,2016-08-03,8:14,1,
STANJEFMD1,3,,,,,,
STEWBETMD1,1,33,fox,2016-06-29,2:45,1,
STEWBETMD1,1,33,fox,2016-06-29,3:06,1,
STEWBETMD1,1,33,fox,2016-06-30,2:36,1,
STEWBETMD1,1,33,squirrel,2016-07-02,16:00,1,
STEWBETMD1,1,33,fox,2016-07-04,2:35,1,
STEWBETMD1,2,40,fox,2016-07-24,2:53,1,
STEWBETMD1,2,40,fox,2016-07-26,0:34,1,
STEWBETMD1,2,40,fox,2016-07-26,23:27,1,
STEWBETMD1,2,40,fox,2016-07-26,23:39,1,
STEWBETMD1,2,40,squirrel,2016-07-27,6:58,1,
STEWBETMD1,2,40,squirrel,2016-07-27,14:09,1,
STEWBETMD1,2,40,squirrel,2016-07-28,13:26,1,
STEWBETMD1,2,40,squirrel,2016-07-28,13:27,1,
STEWBETMD1,3,21,fox,2016-08-05,23:57,1,
STEWBETMD1,3,21,fox,2016-08-06,3:20,1,
STEWBETMD1,3,21,squirrel,2016-08-06,17:39,1,
STEWBETMD1,3,21,fox,2016-08-06,22:03,1,
STEWBETMD1,3,21,fox,2016-08-07,4:19,1,
STEWBETMD1,3,21,fox,2016-08-08,4:25,1,
STEWBETMD1,3,21,fox,2016-08-08,4:27,1,
STEWBETMD1,3,21,fox,2016-08-10,4:05,1,
STEWBETMD1,3,21,fox,2016-08-10,4:08,1,
STEWBETMD1,3,21,squirrel,2016-08-11,6:52,1,
STUECHRVA2,1,63,squirrel,2016-06-22,15:08,1,
STUECHRVA2,1,63,raccoon,2016-06-23,22:34,1,
STUECHRVA2,1,63,squirrel,2016-06-24,14:37,1,
STUECHRVA2,1,63,squirrel,2016-06-25,12:35,1,
STUECHRVA2,1,63,fox,2016-06-26,1:46,1,
STUECHRVA2,1,63,squirrel,2016-06-26,9:04,2,
STUECHRVA2,1,63,squirrel,2016-06-26,12:39,1,
STUECHRVA2,1,63,chipmunk,2016-06-28,9:17,1,
STUECHRVA2,2,21,squirrel,2016-07-19,8:51,1,
STUECHRVA2,2,21,squirrel,2016-07-20,0:04,1,
STUECHRVA2,2,21,fox,2016-07-20,0:33,1,
STUECHRVA2,2,21,squirrel,2016-07-20,8:48,1,
STUECHRVA2,2,21,squirrel,2016-07-20,8:50,1,
STUECHRVA2,2,21,squirrel,2016-07-20,14:19,1,
STUECHRVA2,2,21,fox,2016-07-20,23:41,1,
STUECHRVA2,2,21,squirrel,2016-07-21,11:07,1,
STUECHRVA2,2,21,squirrel,2016-07-21,14:06,1,
STUECHRVA2,2,21,squirrel,2016-07-21,16:09,1,
STUECHRVA2,2,21,squirrel,2016-07-21,16:33,1,
STUECHRVA2,2,21,fox,2016-07-21,21:46,1,
STUECHRVA2,2,21,fox,2016-07-22,4:15,1,
STUECHRVA2,2,21,fox,2016-07-22,20:29,1,
STUECHRVA2,2,21,fox,2016-07-24,1:58,1,
STUECHRVA2,2,21,raccoon,2016-07-25,5:08,3,
STUECHRVA2,2,21,squirrel,2016-07-25,9:37,1,
STUECHRVA2,2,21,squirrel,2016-07-25,10:55,1,
STUECHRVA2,3,64,raccoon,2016-08-15,20:15,1,
STUECHRVA2,3,64,squirrel,2016-08-16,17:22,1,
STUECHRVA2,3,64,squirrel,2016-08-16,19:35,1,
STUECHRVA2,3,64,squirrel,2016-08-17,15:41,1,
STUECHRVA2,3,64,squirrel,2016-08-17,15:52,1,
STUECHRVA2,3,64,squirrel,2016-08-17,15:55,1,
STUECHRVA2,3,64,fox,2016-08-17,20:35,1,
STUECHRVA2,3,64,squirrel,2016-08-18,14:48,1,
STUECHRVA2,3,64,raccoon,2016-08-18,20:34,4,
STUECHRVA2,3,64,fox,2016-08-19,0:15,1,
STUECHRVA2,3,64,squirrel,2016-08-19,9:01,1,
STUECHRVA2,3,64,chipmunk,2016-08-19,9:01,1,
STUECHRVA2,3,64,squirrel,2016-08-19,13:42,1,
STUECHRVA2,3,64,squirrel,2016-08-19,15:13,1,
STUECHRVA2,3,64,fox,2016-08-19,20:22,1,
STUECHRVA2,3,64,fox,2016-08-19,21:43,1,
STUECHRVA2,3,64,fox,2016-08-19,22:59,1,
STUECHRVA2,3,64,squirrel,2016-08-20,16:59,1,
STUECHRVA2,3,64,fox,2016-08-20,20:40,1,
STUECHRVA2,3,64,fox,2016-08-20,23:08,1,
STUECHRVA2,3,64,raccoon,2016-08-21,2:36,1,
STURCARMD1,1,73,squirrel,2016-06-09,13:19,1,
STURCARMD1,1,73,squirrel,2016-06-09,18:20,1,
STURCARMD1,1,73,squirrel,2016-06-10,10:28,1,
STURCARMD1,1,73,raccoon,2016-06-11,2:54,1,
STURCARMD1,1,73,cat,2016-06-11,4:52,1,Crab
STURCARMD1,1,73,squirrel,2016-06-11,15:02,1,
STURCARMD1,1,73,squirrel,2016-06-11,19:14,1,
STURCARMD1,1,73,cat,2016-06-11,20:08,1,Crab
STURCARMD1,1,73,cat,2016-06-11,22:51,1,Crab
STURCARMD1,1,73,squirrel,2016-06-12,17:15,1,
STURCARMD1,1,73,raccoon,2016-06-14,2:34,1,
STURCARMD1,1,73,raccoon,2016-06-14,3:53,1,
STURCARMD1,1,73,squirrel,2016-06-14,11:36,1,
STURCARMD1,1,73,squirrel,2016-06-14,13:00,1,
STURCARMD1,1,73,raccoon,2016-06-15,2:03,3,
STURCARMD1,1,73,raccoon,2016-06-15,2:05,1,
STURCARMD1,2,68,,2016-07-22,,,
STURCARMD1,3,,,,,,
TATEJUAMD1,1,60,fox,2016-06-14,20:44,1,
TATEJUAMD1,1,60,cat,2016-06-15,6:54,1,Jackie
TATEJUAMD1,1,60,squirrel,2016-06-15,8:48,2,
TATEJUAMD1,1,60,squirrel,2016-06-15,9:22,1,
TATEJUAMD1,1,60,squirrel,2016-06-15,9:35,2,
TATEJUAMD1,1,60,squirrel,2016-06-15,9:55,1,
TATEJUAMD1,1,60,squirrel,2016-06-15,13:24,1,
TATEJUAMD1,1,60,squirrel,2016-06-15,15:33,2,
TATEJUAMD1,1,60,squirrel,2016-06-15,16:01,2,
TATEJUAMD1,1,60,squirrel,2016-06-15,16:04,2,
TATEJUAMD1,1,60,squirrel,2016-06-16,7:33,2,
TATEJUAMD1,1,60,cat,2016-06-16,10:45,1,Jackie
TATEJUAMD1,1,60,squirrel,2016-06-16,11:18,1,
TATEJUAMD1,1,60,squirrel,2016-06-16,12:50,1,
TATEJUAMD1,1,60,squirrel,2016-06-16,14:21,1,
TATEJUAMD1,1,60,cat,2016-06-17,7:57,1,Jackie
TATEJUAMD1,1,60,squirrel,2016-06-17,9:29,1,
TATEJUAMD1,1,60,squirrel,2016-06-17,10:30,1,
TATEJUAMD1,1,60,squirrel,2016-06-17,12:57,1,
TATEJUAMD1,1,60,squirrel,2016-06-17,17:40,1,
TATEJUAMD1,1,60,raccoon,2016-06-18,23:36,1,
TATEJUAMD1,1,60,raccoon,2016-06-19,0:29,1,
TATEJUAMD1,1,60,cat,2016-06-19,0:29,1,James
TATEJUAMD1,1,60,raccoon,2016-06-19,2:20,1,
TATEJUAMD1,1,60,raccoon,2016-06-19,2:44,1,
TATEJUAMD1,1,60,raccoon,2016-06-19,3:16,1,
TATEJUAMD1,1,60,raccoon,2016-06-19,3:43,1,
TATEJUAMD1,1,60,raccoon,2016-06-19,3:51,1,
TATEJUAMD1,1,60,squirrel,2016-06-19,6:47,1,
TATEJUAMD1,1,60,squirrel,2016-06-19,7:04,1,
TATEJUAMD1,1,60,squirrel,2016-06-19,7:14,1,
TATEJUAMD1,1,60,squirrel,2016-06-19,7:36,1,
TATEJUAMD1,1,60,squirrel,2016-06-19,7:38,1,
TATEJUAMD1,1,60,squirrel,2016-06-19,7:57,1,
TATEJUAMD1,1,60,squirrel,2016-06-19,7:58,1,
TATEJUAMD1,1,60,squirrel,2016-06-19,8:38,1,
TATEJUAMD1,1,60,squirrel,2016-06-19,9:01,1,
TATEJUAMD1,1,60,squirrel,2016-06-19,9:03,1,
TATEJUAMD1,1,60,squirrel,2016-06-19,9:25,1,
TATEJUAMD1,1,60,squirrel,2016-06-19,10:03,1,
TATEJUAMD1,1,60,squirrel,2016-06-19,10:14,2,
TATEJUAMD1,1,60,squirrel,2016-06-19,10:37,1,
TATEJUAMD1,1,60,cat,2016-06-19,22:01,1,James
TATEJUAMD1,1,60,squirrel,2016-06-20,8:22,1,
TATEJUAMD1,1,60,squirrel,2016-06-20,8:41,3,
TATEJUAMD1,1,60,squirrel,2016-06-20,8:49,1,
TATEJUAMD1,1,60,squirrel,2016-06-20,8:55,1,
TATEJUAMD1,1,60,cat,2016-06-20,9:06,1,Jackie
TATEJUAMD1,1,60,squirrel,2016-06-20,9:45,1,
TATEJUAMD1,1,60,squirrel,2016-06-20,11:35,1,
TATEJUAMD1,1,60,squirrel,2016-06-20,13:09,1,
TATEJUAMD1,1,60,squirrel,2016-06-21,8:25,2,
TATEJUAMD1,1,60,squirrel,2016-06-21,8:36,1,
TATEJUAMD1,1,60,squirrel,2016-06-21,9:40,3,
TATEJUAMD1,2,69,squirrel,2016-07-13,8:36,1,
TATEJUAMD1,2,69,squirrel,2016-07-13,14:13,1,
TATEJUAMD1,2,69,squirrel,2016-07-14,8:07,1,
TATEJUAMD1,2,69,squirrel,2016-07-14,8:54,2,
TATEJUAMD1,2,69,squirrel,2016-07-14,9:02,1,
TATEJUAMD1,2,69,squirrel,2016-07-14,10:21,1,
TATEJUAMD1,2,69,squirrel,2016-07-15,8:54,1,
TATEJUAMD1,2,69,squirrel,2016-07-15,13:12,1,
TATEJUAMD1,2,69,squirrel,2016-07-15,15:52,1,
TATEJUAMD1,2,69,squirrel,2016-07-16,10:15,2,
TATEJUAMD1,2,69,squirrel,2016-07-16,12:06,1,
TATEJUAMD1,2,69,squirrel,2016-07-16,14:34,1,
TATEJUAMD1,2,69,squirrel,2016-07-16,14:54,1,
TATEJUAMD1,2,69,cat,2016-07-16,16:51,1,Jackie
TATEJUAMD1,2,69,squirrel,2016-07-17,11:54,1,
TATEJUAMD1,2,69,squirrel,2016-07-17,13:22,1,
TATEJUAMD1,2,69,cat,2016-07-18,0:33,1,Jonathan
TATEJUAMD1,3,39,squirrel,2016-09-07,9:16,1,
TATEJUAMD1,3,39,squirrel,2016-09-07,9:19,1,
TATEJUAMD1,3,39,dog,2016-09-07,9:28,1,
TATEJUAMD1,3,39,squirrel,2016-09-07,10:53,1,
TATEJUAMD1,3,39,squirrel,2016-09-07,11:15,1,
TATEJUAMD1,3,39,squirrel,2016-09-07,11:30,1,
TATEJUAMD1,3,39,squirrel,2016-09-07,11:37,2,
TATEJUAMD1,3,39,squirrel,2016-09-07,12:42,2,
TATEJUAMD1,3,39,dog,2016-09-07,12:59,1,
TATEJUAMD1,3,39,squirrel,2016-09-07,14:37,1,
TATEJUAMD1,3,39,squirrel,2016-09-07,15:17,1,
TATEJUAMD1,3,39,squirrel,2016-09-07,15:42,1,
TATEJUAMD1,3,39,squirrel,2016-08-08,8:49,1,
TATEJUAMD1,3,39,squirrel,2016-08-08,8:54,1,
TATEJUAMD1,3,39,squirrel,2016-08-08,9:03,1,
TATEJUAMD1,3,39,squirrel,2016-08-08,9:06,2,
TATEJUAMD1,3,39,raccoon,2016-08-09,0:31,1,
TATEJUAMD1,3,39,raccoon,2016-08-09,0:37,1,
TATEJUAMD1,3,39,raccoon,2016-08-09,5:51,1,
TATEJUAMD1,3,39,squirrel,2016-08-09,11:08,1,
TATEJUAMD1,3,39,squirrel,2016-08-09,11:32,2,
TATEJUAMD1,3,39,squirrel,2016-08-09,11:47,1,
TATEJUAMD1,3,39,squirrel,2016-08-09,12:09,1,
TATEJUAMD1,3,39,squirrel,2016-08-09,12:27,1,
TATEJUAMD1,3,39,squirrel,2016-08-09,19:38,1,
TATEJUAMD1,3,39,squirrel,2016-08-10,9:28,1,
TATEJUAMD1,3,39,squirrel,2016-08-10,10:40,1,
TATEJUAMD1,3,39,squirrel,2016-08-10,10:43,1,
TATEJUAMD1,3,39,squirrel,2016-08-10,12:37,1,
TATEJUAMD1,3,39,squirrel,2016-08-10,12:43,1,
TATEJUAMD1,3,39,squirrel,2016-08-10,12:45,1,
TATEJUAMD1,3,39,squirrel,2016-08-10,12:58,2,
TATEJUAMD1,3,39,squirrel,2016-08-10,13:10,1,
TATEJUAMD1,3,39,squirrel,2016-08-10,13:18,1,
TATEJUAMD1,3,39,raccoon,2016-08-11,2:25,1,
TATEJUAMD1,3,39,squirrel,2016-08-11,13:40,1,
TATEJUAMD1,3,39,squirrel,2016-08-11,16:49,1,
TATEJUAMD1,3,39,squirrel,2016-08-12,8:47,1,
TATEJUAMD1,3,39,squirrel,2016-08-12,8:50,1,
TATEJUAMD1,3,39,squirrel,2016-08-12,8:56,1,
TATEJUAMD1,3,39,squirrel,2016-08-12,9:03,1,
TATEJUAMD1,3,39,squirrel,2016-08-12,10:12,1,
TATEJUAMD1,3,39,squirrel,2016-08-12,10:28,2,
TATEJUAMD1,3,39,squirrel,2016-08-12,10:31,2,
TATEJUAMD1,3,39,squirrel,2016-08-12,10:51,1,
TATEJUAMD1,3,39,squirrel,2016-08-13,8:17,1,
TATEJUAMD1,3,39,squirrel,2016-08-13,9:14,1,
TATEJUAMD1,3,39,squirrel,2016-08-13,9:21,1,
TATEJUAMD1,3,39,squirrel,2016-08-13,9:24,1,
TATEJUAMD1,3,39,squirrel,2016-08-13,9:53,2,
TATEJUAMD1,3,39,squirrel,2016-08-13,9:55,3,
TATEJUAMD1,3,39,squirrel,2016-08-13,10:28,1,
VERSBETMD1,1,60,dog,2016-07-02,8:55,1,
VERSBETMD1,1,60,squirrel,2016-07-02,15:30,1,
VERSBETMD1,1,60,dog,2016-07-06,15:38,1,
VERSBETMD1,1,60,dog,2016-07-06,18:32,1,
VERSBETMD1,2,71,raccoon,2016-07-30,0:46,2,
VERSBETMD1,2,71,fox,2016-08-01,20:51,1,
VERSBETMD1,2,71,raccoon,2016-08-04,1:21,1,
VERSBETMD1,2,71,groundhog,2016-08-04,12:03,1,
VERSBETMD1,3,,,,,,
VONGJENMD1,1,51,cat,2016-06-24,3:10,1,Jared
VONGJENMD1,1,51,cat,2016-06-24,5:10,1,Jared
VONGJENMD1,1,51,fox,2016-06-24,5:25,1,
VONGJENMD1,1,51,cat,2016-06-27,0:02,1,Jared
VONGJENMD1,1,51,squirrel,2016-06-27,8:21,1,
VONGJENMD1,1,51,squirrel,2016-06-28,13:56,1,
VONGJENMD1,2,40,squirrel,2016-07-08,7:06,1,
VONGJENMD1,2,40,squirrel,2016-07-08,8:15,1,
VONGJENMD1,2,40,squirrel,2016-07-08,9:03,1,
VONGJENMD1,2,40,squirrel,2016-07-08,9:19,1,
VONGJENMD1,2,40,squirrel,2016-07-08,13:20,1,
VONGJENMD1,2,40,cat,2016-07-10,22:55,1,Jared
VONGJENMD1,2,40,squirrel,2016-07-11,7:01,1,
VONGJENMD1,2,40,squirrel,2016-07-11,7:34,1,
VONGJENMD1,2,40,squirrel,2016-07-12,7:03,1,
VONGJENMD1,2,40,squirrel,2016-07-13,10:09,1,
VONGJENMD1,3,,,,,,
WILLTERMD1,1,40,raccoon,2016-06-30,0:30,1,
WILLTERMD1,1,40,squirrel,2016-07-03,9:33,2,
WILLTERMD1,1,40,raccoon,2016-07-06,2:52,1,
WILLTERMD1,2,68,raccoon,2016-07-15,4:30,1,
WILLTERMD1,2,68,raccoon,2016-07-16,4:23,1,
WILLTERMD1,2,68,raccoon,2016-07-17,2:49,1,
WILLTERMD1,2,68,raccoon,2016-07-19,0:54,1,
WILLTERMD1,2,68,raccoon,2016-07-19,0:56,1,
WILLTERMD1,2,68,raccoon,2016-07-19,1:22,1,
WILLTERMD1,2,68,cat,2016-07-19,21:33,1,Timothy
WILLTERMD1,3,73,raccoon,2016-08-05,23:40,1,
WILLTERMD1,3,73,raccoon,2016-08-06,1:38,1,
WILLTERMD1,3,73,raccoon,2016-08-06,23:17,1,
WILLTERMD1,3,73,raccoon,2016-08-06,23:27,1,
WILLTERMD1,3,73,raccoon,2016-08-07,1:52,1,
WILLTERMD1,3,73,raccoon,2016-08-08,3:48,1,
WILLTERMD1,3,73,raccoon,2016-08-08,5:19,1,
WILLTERMD1,3,73,raccoon,2016-08-09,3:49,2,
WILLTERMD1,3,73,raccoon,2016-08-09,4:34,5,
WILLTERMD1,3,73,raccoon,2016-08-09,22:09,1,
WILLTERMD1,3,73,raccoon,2016-08-09,22:12,1,
WILLTERMD1,3,73,raccoon,2016-08-10,0:29,1,
WILLTERMD1,3,73,raccoon,2016-08-10,1:04,1,
WILLTERMD1,3,73,raccoon,2016-08-10,1:43,1,
ZAMBTRAMD1,1,33,squirrel,2016-06-08,10:55,1,
ZAMBTRAMD1,1,33,squirrel,2016-06-08,14:26,2,
ZAMBTRAMD1,1,33,squirrel,2016-06-08,15:31,1,
ZAMBTRAMD1,1,33,squirrel,2016-06-08,15:33,1,
ZAMBTRAMD1,1,33,squirrel,2016-06-09,9:18,1,
ZAMBTRAMD1,1,33,chipmunk,2016-06-09,9:45,1,
ZAMBTRAMD1,1,33,chipmunk,2016-06-09,10:02,1,
ZAMBTRAMD1,1,33,chipmunk,2016-06-09,10:23,1,
ZAMBTRAMD1,1,33,squirrel,2016-06-09,10:25,1,
ZAMBTRAMD1,1,33,squirrel,2016-06-09,11:21,1,
ZAMBTRAMD1,1,33,squirrel,2016-06-09,11:30,1,
ZAMBTRAMD1,1,33,squirrel,2016-06-09,11:51,2,
ZAMBTRAMD1,1,33,squirrel,2016-06-09,14:21,1,
ZAMBTRAMD1,1,33,squirrel,2016-06-09,19:22,2,
ZAMBTRAMD1,1,33,squirrel,2016-06-09,19:27,1,
ZAMBTRAMD1,1,33,dog,2016-06-10,7:54,2,
ZAMBTRAMD1,1,33,squirrel,2016-06-10,10:02,2,
ZAMBTRAMD1,1,33,squirrel,2016-06-10,18:23,1,
ZAMBTRAMD1,1,33,raccoon,2016-06-11,3:03,1,
ZAMBTRAMD1,1,33,raccoon,2016-06-11,3:55,1,
ZAMBTRAMD1,1,33,chipmunk,2016-06-11,8:41,1,
ZAMBTRAMD1,1,33,squirrel,2016-06-11,12:24,1,
ZAMBTRAMD1,1,33,squirrel,2016-06-11,13:30,1,
ZAMBTRAMD1,1,33,squirrel,2016-06-11,15:42,1,
ZAMBTRAMD1,1,33,squirrel,2016-06-11,15:51,1,
ZAMBTRAMD1,1,33,squirrel,2016-06-11,15:54,1,
ZAMBTRAMD1,1,33,squirrel,2016-06-11,16:37,1,
ZAMBTRAMD1,1,33,squirrel,2016-06-11,17:05,1,
ZAMBTRAMD1,1,33,dog,2016-06-12,11:02,2,
ZAMBTRAMD1,1,33,squirrel,2016-06-12,13:29,1,
ZAMBTRAMD1,1,33,squirrel,2016-06-13,11:11,1,
ZAMBTRAMD1,1,33,squirrel,2016-06-13,12:58,1,
ZAMBTRAMD1,1,33,squirrel,2016-06-13,13:41,1,
ZAMBTRAMD1,1,33,squirrel,2016-06-13,13:57,1,
ZAMBTRAMD1,1,33,chipmunk,2016-06-13,16:09,1,
ZAMBTRAMD1,1,33,dog,2016-06-13,20:05,2,
ZAMBTRAMD1,1,33,dog,2016-06-13,20:07,2,
ZAMBTRAMD1,1,33,dog,2016-06-13,21:24,2,
ZAMBTRAMD1,1,33,cat,2016-06-14,1:36,1,Ty
ZAMBTRAMD1,1,33,squirrel,2016-06-14,11:29,2,
ZAMBTRAMD1,1,33,squirrel,2016-06-14,14:02,2,
ZAMBTRAMD1,2,69,squirrel,2016-07-21,18:32,1,
ZAMBTRAMD1,2,69,raccoon,2016-07-23,23:06,1,
ZAMBTRAMD1,3,99,cat,2016-08-12,0:07,1,Ty
ZAMBTRAMD1,3,99,raccoon,2016-08-12,1:24,1,
ZAMBTRAMD1,3,99,squirrel,2016-08-14,12:52,1,
,,,,,,,
,,,,,,,
,,,,,,,
,,,,,,,
,,,,,,,
,,,,,,,
,,,,,,,
,,,,,,,
,,,,,,,
,,,,,,,
,,,,,,,
,,,,,,,
,,,,,,,
,,,,,,,
,,,,,,,
,,,,,,,
,,,,,,,
,,,,,,,
,,,,,,,
,,,,,,,
,,,,,,,
,,,,,,,
,,,,,,,
,,,,,,,
,,,,,,,
,,,,,,,
,,,,,,,
,,,,,,,
,,,,,,,
,,,,,,,
,,,,,,,
,,,,,,,
,,,,,,,
,,,,,,,
,,,,,,,
,,,,,,,
,,,,,,,
,,,,,,,
,,,,,,,
,,,,,,,
,,,,,,,
,,,,,,,
,,,,,,,
,,,,,,,
,,,,,,,
,,,,,,,
,,,,,,,
,,,,,,,
,,,,,,,
,,,,,,,
,,,,,,,
,,,,,,,
,,,,,,,
