site,visit,activity,date,timeHour,time,temp,dew
BALASUCMD1,1,setup,2016-06-29,13:10,790,,
BALASUCMD1,1,transect,2016-06-29,13:22,802,81,60.1
BALASUCMD1,2,takedown,2016-07-06,7:36,456,,
BALASUCMD1,2,pointcount,2016-07-06,7:40,460,,
BALASUCMD1,2,transect,2016-07-06,7:52,472,82,73
BALASUCMD1,2,resight,2016-07-06,7:56,476,,
BALASUCMD1,3,transect,2016-07-15,9:37,577,86,66.9
BALASUCMD1,3,pointcount,2016-07-15,9:42,582,,
BALASUCMD1,3,setup,2016-07-15,10:00,600,,
BALASUCMD1,4,transect,2016-07-22,7:09,429,75,71.1
BALASUCMD1,4,pointcount,2016-07-22,7:15,435,,
BALASUCMD1,4,resight,2016-07-22,7:28,448,,
BALASUCMD1,4,takedown,2016-07-22,7:56,476,,
BALASUCMD1,5,transect,2016-08-16,6:31,391,75,73
BALASUCMD1,5,resight,2016-08-16,6:34,394,,
BALASUCMD1,5,setup,2016-08-16,7:04,424,,
BALASUCMD1,6,transect,2016-08-23,12:05,725,80.1,55.9
BALASUCMD1,6,pointcount,2016-08-23,12:09,729,,
BALASUCMD1,6,takedown,2016-08-23,12:23,743,,
BALASUCMD1,6,resight,2016-08-23,12:27,747,,
BARBJERMD1,1,setup,2016-06-24,10:54,654,,
BARBJERMD1,1,transect,2016-06-24,10:58,658,81,69.1
BARBJERMD1,1,pointcount,2016-06-24,11:02,662,,
BARBJERMD1,1,resight,2016-06-24,11:15,675,,
BARBJERMD1,2,transect,2016-07-01,8:15,495,73.9,70
BARBJERMD1,2,takedown,2016-07-01,8:22,502,,
BARBJERMD1,2,pointcount,2016-07-01,8:27,507,,
BARBJERMD1,3,transect,2016-07-12,8:22,502,73.9,68
BARBJERMD1,3,setup,2016-07-12,8:38,518,,
BARBJERMD1,3,resight,2016-07-12,8:39,519,,
BARBJERMD1,4,transect,2016-07-19,8:49,529,82,70
BARBJERMD1,4,pointcount,2016-07-19,8:55,535,,
BARBJERMD1,4,takedown,2016-07-19,9:08,548,,
BARBJERMD1,5,transect,2016-08-23,10:01,601,77,57
BARBJERMD1,5,pointcount,2016-08-23,10:06,606,,
BARBJERMD1,5,resight,2016-08-23,10:22,622,,
BARBJERMD1,5,setup,2016-08-23,10:24,624,,
BARBJERMD1,6,transect,2016-08-30,9:35,575,80.1,63
BARBJERMD1,6,resight,2016-08-30,9:39,579,,
BARBJERMD1,6,takedown,2016-08-30,10:04,604,,
BEALTOMMD1,1,transect,2016-06-20,8:48,528,75,57.9
BEALTOMMD1,1,pointcount,2016-06-20,8:52,532,,
BEALTOMMD1,1,setup,2016-06-20,9:18,558,,
BEALTOMMD1,1,resight,2016-06-20,9:23,563,,
BEALTOMMD1,2,transect,2016-06-27,11:13,673,79,66.9
BEALTOMMD1,2,takedown,2016-06-27,11:17,677,,
BEALTOMMD1,2,pointcount,2016-06-27,11:24,684,,
BEALTOMMD1,3,transect,2016-07-13,7:02,422,77,73
BEALTOMMD1,3,resight,2016-07-13,7:05,425,,
BEALTOMMD1,3,setup,2016-07-13,7:41,461,,
BEALTOMMD1,4,transect,2016-07-20,9:12,552,75.9,66.9
BEALTOMMD1,4,pointcount,2016-07-20,9:15,555,,
BEALTOMMD1,4,takedown,2016-07-20,9:26,566,,
BEALTOMMD1,5,transect,2016-08-21,10:55,655,82,75
BEALTOMMD1,5,pointcount,2016-08-21,10:58,658,,
BEALTOMMD1,5,resight,2016-08-21,11:10,670,,
BEALTOMMD1,5,setup,2016-08-21,11:36,696,,
BEALTOMMD1,6,transect,2016-08-28,10:17,617,80.1,72
BEALTOMMD1,6,resight,2016-08-28,10:19,619,,
BEALTOMMD1,6,takedown,2016-08-28,10:37,637,,
BLOCDAVMD1,1,transect,2016-06-27,9:35,575,77,66.9
BLOCDAVMD1,1,setup,2016-06-27,9:53,593,,
BLOCDAVMD1,1,pointcount,2016-06-27,9:57,597,,
BLOCDAVMD1,1,resight,2016-06-27,10:09,609,,
BLOCDAVMD1,2,transect,2016-07-04,9:09,549,70,66
BLOCDAVMD1,2,takedown,2016-07-04,9:15,555,,
BLOCDAVMD1,2,resight,2016-07-04,9:18,558,,
BLOCDAVMD1,3,transect,2016-07-13,11:00,660,84,75
BLOCDAVMD1,3,pointcount,2016-07-13,11:07,667,,
BLOCDAVMD1,3,setup,2016-07-13,11:20,680,,
BLOCDAVMD1,4,transect,2016-07-20,6:10,370,70,66.9
BLOCDAVMD1,4,pointcount,2016-07-20,6:17,377,,
BLOCDAVMD1,4,resight,2016-07-20,6:31,391,,
BLOCDAVMD1,4,takedown,2016-07-20,6:55,415,,
BLOCDAVMD1,5,transect,2016-08-05,11:24,684,80.1,68
BLOCDAVMD1,5,pointcount,2016-08-05,11:31,691,,
BLOCDAVMD1,5,setup,2016-08-05,11:49,709,,
BLOCDAVMD1,6,transect,2016-08-12,8:04,484,82.9,73
BLOCDAVMD1,6,resight,2016-08-12,8:10,490,,
BLOCDAVMD1,6,takedown,2016-08-12,8:34,514,,
BRIGKIMMD1,1,setup,2016-06-09,12:19,739,,
BRIGKIMMD1,1,transect,2016-06-09,12:21,741,75,48
BRIGKIMMD1,1,pointcount,2016-06-09,12:27,747,,
BRIGKIMMD1,1,resight,2016-06-09,12:40,760,,
BRIGKIMMD1,2,takedown,2016-06-16,8:32,512,,
BRIGKIMMD1,2,transect,2016-06-16,8:38,518,72,68
BRIGKIMMD1,2,resight,2016-06-16,8:52,532,,
BRIGKIMMD1,3,transect,2016-07-05,11:06,666,82,73
BRIGKIMMD1,3,pointcount,2016-07-05,11:24,684,,
BRIGKIMMD1,3,setup,2016-07-05,11:37,697,,
BRIGKIMMD1,4,transect,2016-07-12,7:20,440,73,66.9
BRIGKIMMD1,4,resight,2016-07-12,7:24,444,,
BRIGKIMMD1,4,takedown,2016-07-12,7:55,475,,
BRIGKIMMD1,5,transect,2016-08-02,7:08,428,75.9,73
BRIGKIMMD1,5,pointcount,2016-08-02,7:14,434,,
BRIGKIMMD1,5,resight,2016-08-02,7:27,447,,
BRIGKIMMD1,5,setup,2016-08-02,8:02,482,,
BRIGKIMMD1,6,transect,2016-08-09,8:56,536,73.9,64
BRIGKIMMD1,6,pointcount,2016-08-09,9:01,541,,
BRIGKIMMD1,6,takedown,2016-08-09,9:13,553,,
BROWANNDC1,1,transect,2016-06-15,10:32,632,73.9,61
BROWANNDC1,1,pointcount,2016-06-15,10:39,639,,
BROWANNDC1,1,resight,2016-06-15,10:50,650,,
BROWANNDC1,1,setup,2016-06-15,11:21,681,,
BROWANNDC1,2,takedown,2016-06-22,10:04,604,,
BROWANNDC1,2,transect,2016-06-22,10:07,607,81,55.9
BROWANNDC1,2,resight,2016-06-22,10:10,610,,
BROWANNDC1,3,setup,2016-07-11,7:44,464,,
BROWANNDC1,3,transect,2016-07-11,7:49,469,75.9,61
BROWANNDC1,3,resight,2016-07-11,7:53,473,,
BROWANNDC1,4,takedown,2016-07-18,13:07,787,,
BROWANNDC1,4,transect,2016-07-18,13:10,790,91.9,75
BROWANNDC1,4,pointcount,2016-07-18,13:17,797,,
BROWANNDC1,5,transect,2016-08-22,11:43,703,81,61
BROWANNDC1,5,pointcount,2016-08-22,11:47,707,,
BROWANNDC1,5,resight,2016-08-22,11:58,718,,
BROWANNDC1,5,setup,2016-08-22,12:27,747,,
BROWANNDC1,6,transect,2016-08-29,6:26,386,73,66.9
BROWANNDC1,6,pointcount,2016-08-29,6:32,392,,
BROWANNDC1,6,takedown,2016-08-29,6:44,404,,
BROWANNMD1,1,setup,2016-06-21,12:33,753,,
BROWANNMD1,1,transect,2016-06-21,12:36,756,89.1,66
BROWANNMD1,1,pointcount,2016-06-21,12:42,762,,
BROWANNMD1,1,resight,2016-06-21,12:53,773,,
BROWANNMD1,2,takedown,2016-06-28,11:19,679,,
BROWANNMD1,2,transect,2016-06-28,11:26,686,80.1,73
BROWANNMD1,3,transect,2016-07-05,7:37,457,82,73
BROWANNMD1,3,pointcount,2016-07-05,7:42,462,,
BROWANNMD1,3,setup,2016-07-05,8:04,484,,
BROWANNMD1,4,transect,2016-07-12,10:04,604,80.1,71.1
BROWANNMD1,4,resight,2016-07-12,10:10,610,,
BROWANNMD1,4,takedown,2016-07-12,10:32,632,,
BROWANNMD1,5,transect,2016-08-02,9:52,592,82,73
BROWANNMD1,5,pointcount,2016-08-02,9:58,598,,
BROWANNMD1,5,resight,2016-08-02,10:11,611,,
BROWANNMD1,5,setup,2016-08-02,10:44,644,,
BROWANNMD1,6,transect,2016-08-09,11:15,675,75.9,64.9
BROWANNMD1,6,pointcount,2016-08-09,11:20,680,,
BROWANNMD1,6,resight,2016-08-09,11:30,690,,
BROWANNMD1,6,takedown,2016-08-09,11:53,713,,
BUISNORVA1,1,resight,2016-06-06,14:45,885,,
BUISNORVA1,1,pointcount,2016-06-06,14:58,898,,
BUISNORVA1,1,setup,2016-06-06,15:05,905,,
BUISNORVA1,1,transect,2016-06-06,15:10,910,86,59
BUISNORVA1,2,takedown,2016-06-13,12:53,773,,
BUISNORVA1,2,transect,2016-06-13,12:56,776,75,51.1
BUISNORVA1,2,resight,2016-06-13,13:01,781,,
BUISNORVA1,3,transect,2016-07-25,7:48,468,84.9,75.9
BUISNORVA1,3,pointcount,2016-07-25,7:54,474,,
BUISNORVA1,3,setup,2016-07-25,8:10,490,,
BUISNORVA1,4,transect,2016-08-01,8:42,522,82,72
BUISNORVA1,4,pointcount,2016-08-01,8:46,526,,
BUISNORVA1,4,resight,2016-08-01,8:57,537,,
BUISNORVA1,4,takedown,2016-08-01,9:19,559,,
BUISNORVA1,5,transect,2016-08-08,9:57,597,82.9,62.1
BUISNORVA1,5,resight,2016-08-08,9:59,599,,
BUISNORVA1,5,setup,2016-08-08,10:29,629,,
BUISNORVA1,6,transect,2016-08-15,8:57,537,84,69.1
BUISNORVA1,6,pointcount,2016-08-15,8:59,539,,
BUISNORVA1,6,takedown,2016-08-15,9:09,549,,
BURDROBVA1,1,transect,2016-06-13,11:18,678,72,48.9
BURDROBVA1,1,pointcount,2016-06-13,11:23,683,,
BURDROBVA1,1,resight,2016-06-13,11:37,697,,
BURDROBVA1,1,setup,2016-06-13,12:09,729,,
BURDROBVA1,2,takedown,2016-06-20,13:58,838,,
BURDROBVA1,2,transect,2016-06-20,14:04,844,88,55.9
BURDROBVA1,2,resight,2016-06-20,14:05,845,,
BURDROBVA1,3,transect,2016-07-18,11:48,708,90,75.9
BURDROBVA1,3,pointcount,2016-07-18,11:52,712,,
BURDROBVA1,3,setup,2016-07-18,12:06,726,,
BURDROBVA1,4,transect,2016-07-25,8:53,533,88,75
BURDROBVA1,4,resight,2016-07-25,9:11,551,,
BURDROBVA1,4,takedown,2016-07-25,9:36,576,,
BURDROBVA1,5,transect,2016-08-22,9:30,570,75.9,61
BURDROBVA1,5,pointcount,2016-08-22,9:34,574,,
BURDROBVA1,5,setup,2016-08-22,9:51,591,,
BURDROBVA1,6,transect,2016-08-29,7:44,464,75.9,66.9
BURDROBVA1,6,resight,2016-08-29,7:48,468,,
BURDROBVA1,6,takedown,2016-08-29,8:07,487,,
CAMPGLOMD1,1,setup,2016-06-17,10:46,646,,
CAMPGLOMD1,1,transect,2016-06-17,10:48,648,70,63
CAMPGLOMD1,1,pointcount,2016-06-17,10:55,655,,
CAMPGLOMD1,1,resight,2016-06-17,11:06,666,,
CAMPGLOMD1,2,transect,2016-06-24,12:25,745,82.9,70
CAMPGLOMD1,2,takedown,2016-06-24,12:29,749,,
CAMPGLOMD1,2,resight,2016-06-24,12:35,755,,
CAMPGLOMD1,3,transect,2016-07-06,9:48,588,84,73
CAMPGLOMD1,3,pointcount,2016-07-06,9:55,595,,
CAMPGLOMD1,3,setup,2016-07-06,10:57,657,,
CAMPGLOMD1,4,transect,2016-07-13,8:39,519,78.1,73.9
CAMPGLOMD1,4,pointcount,2016-07-13,8:46,526,,
CAMPGLOMD1,4,resight,2016-07-13,8:59,539,,
CAMPGLOMD1,4,takedown,2016-07-13,9:24,564,,
CAMPGLOMD1,5,transect,2016-08-02,6:09,369,75.9,72
CAMPGLOMD1,5,pointcount,2016-08-02,6:12,372,,
CAMPGLOMD1,5,setup,2016-08-02,6:29,389,,
CAMPGLOMD1,6,transect,2016-08-09,6:23,383,69.1,64.9
CAMPGLOMD1,6,resight,2016-08-09,6:27,387,,
CAMPGLOMD1,6,takedown,2016-08-09,6:51,411,,
CAMPROSMD1,1,transect,2016-06-20,6:46,406,70,55.9
CAMPROSMD1,1,pointcount,2016-06-20,6:53,413,,
CAMPROSMD1,1,setup,2016-06-20,7:30,450,,
CAMPROSMD1,2,transect,2016-06-27,8:39,519,75,66.9
CAMPROSMD1,2,takedown,2016-06-27,8:42,522,,
CAMPROSMD1,2,resight,2016-06-27,8:49,529,,
CAMPROSMD1,3,transect,2016-07-15,10:25,625,86,66.9
CAMPROSMD1,3,resight,2016-07-15,10:31,631,,
CAMPROSMD1,3,setup,2016-07-15,11:03,663,,
CAMPROSMD1,4,transect,2016-07-22,8:33,513,79,71.1
CAMPROSMD1,4,pointcount,2016-07-22,8:37,517,,
CAMPROSMD1,4,resight,2016-07-22,8:49,529,,
CAMPROSMD1,4,takedown,2016-07-22,9:16,556,,
CAMPROSMD1,5,transect,2016-08-13,6:38,398,81,87.3
CAMPROSMD1,5,pointcount,2016-08-13,6:44,404,,
CAMPROSMD1,5,resight,2016-08-13,6:55,415,,
CAMPROSMD1,5,setup,2016-08-13,7:25,445,,
CAMPROSMD1,6,transect,2016-08-20,6:59,419,75,71.1
CAMPROSMD1,6,pointcount,2016-08-20,7:01,421,,
CAMPROSMD1,6,takedown,2016-08-20,7:11,431,,
CLARCOLDC1,1,setup,2016-06-24,7:53,473,,
CLARCOLDC1,1,transect,2016-06-24,7:55,475,73.9,69.1
CLARCOLDC1,1,pointcount,2016-06-24,7:58,478,,
CLARCOLDC1,2,transect,2016-07-01,13:49,829,86,71.1
CLARCOLDC1,2,takedown,2016-07-01,13:53,833,,
CLARCOLDC1,2,resight,2016-07-01,13:56,836,,
CLARCOLDC1,3,transect,2016-07-07,7:24,444,80.1,75
CLARCOLDC1,3,setup,2016-07-07,7:29,449,,
CLARCOLDC1,3,pointcount,2016-07-07,7:48,468,,
CLARCOLDC1,4,transect,2016-07-14,10:41,641,88,75.9
CLARCOLDC1,4,resight,2016-07-14,10:45,645,,
CLARCOLDC1,4,takedown,2016-07-14,11:12,672,,
CLARCOLDC1,5,resight,2016-08-15,10:29,629,,
CLARCOLDC1,5,setup,2016-08-15,10:41,641,,
CLARCOLDC1,5,transect,2016-08-15,10:51,651,88,69.1
CLARCOLDC1,5,pointcount,2016-08-15,10:56,656,,
CLARCOLDC1,6,transect,2016-08-22,12:46,766,81,61
CLARCOLDC1,6,pointcount,2016-08-22,12:50,770,,
CLARCOLDC1,6,resight,2016-08-22,13:00,780,,
CLARCOLDC1,6,takedown,2016-08-22,13:20,800,,
COLSKATMD1,1,setup,2016-06-14,14:35,875,,
COLSKATMD1,1,transect,2016-06-14,14:38,878,78.1,48
COLSKATMD1,1,pointcount,2016-06-14,14:42,882,,
COLSKATMD1,1,resight,2016-06-14,14:57,897,,
COLSKATMD1,2,transect,2016-06-21,14:28,868,84.9,68
COLSKATMD1,2,takedown,2016-06-21,14:33,873,,
COLSKATMD1,3,transect,2016-07-12,6:17,377,73.9,64.9
COLSKATMD1,3,pointcount,2016-07-12,6:22,382,,
COLSKATMD1,3,setup,2016-07-12,6:35,395,,
COLSKATMD1,4,transect,2016-07-19,11:38,698,86,66
COLSKATMD1,4,pointcount,2016-07-19,11:45,705,,
COLSKATMD1,4,resight,2016-07-19,11:56,716,,
COLSKATMD1,4,takedown,2016-07-19,12:20,740,,
COLSKATMD1,5,transect,2016-08-16,7:40,460,77,73
COLSKATMD1,5,resight,2016-08-16,7:43,463,,
COLSKATMD1,5,setup,2016-08-16,8:14,494,,
COLSKATMD1,6,transect,2016-08-23,7:58,478,70,61
COLSKATMD1,6,pointcount,2016-08-23,8:02,482,,
COLSKATMD1,6,resight,2016-08-23,8:12,492,,
COLSKATMD1,6,takedown,2016-08-23,8:36,516,,
EGANMARMD1,1,setup,2016-06-10,15:54,954,,
EGANMARMD1,1,pointcount,2016-06-10,15:57,957,,
EGANMARMD1,1,transect,2016-06-10,16:11,971,81,50
EGANMARMD1,1,resight,2016-06-10,16:18,978,,
EGANMARMD1,2,takedown,2016-06-17,7:56,476,,
EGANMARMD1,2,transect,2016-06-17,8:02,482,66.9,62.1
EGANMARMD1,2,resight,2016-06-17,8:06,486,,
EGANMARMD1,3,setup,2016-07-04,10:56,656,,
EGANMARMD1,3,transect,2016-07-04,10:59,659,71.1,66
EGANMARMD1,3,resight,2016-07-04,11:03,663,,
EGANMARMD1,4,transect,2016-07-11,8:53,533,75.9,61
EGANMARMD1,4,pointcount,2016-07-11,8:57,537,,
EGANMARMD1,4,takedown,2016-07-11,9:10,550,,
EGANMARMD1,5,transect,2016-08-03,6:00,360,72,66
EGANMARMD1,5,pointcount,2016-08-03,6:05,365,,
EGANMARMD1,5,setup,2016-08-03,6:22,382,,
EGANMARMD1,6,transect,2016-08-10,9:31,571,82,73.9
EGANMARMD1,6,pointcount,2016-08-10,9:37,577,,
EGANMARMD1,6,resight,2016-08-10,9:47,587,,
EGANMARMD1,6,takedown,2016-08-10,10:11,611,,
FARYSIMMD1,1,transect,2016-06-16,6:47,407,72,69.1
FARYSIMMD1,1,setup,2016-06-16,7:08,428,,
FARYSIMMD1,1,pointcount,2016-06-16,7:10,430,,
FARYSIMMD1,1,resight,2016-06-16,7:21,441,,
FARYSIMMD1,2,transect,2016-06-23,6:20,380,73,69.1
FARYSIMMD1,2,takedown,2016-06-23,6:25,385,,
FARYSIMMD1,3,setup,2016-07-11,10:25,625,,
FARYSIMMD1,3,transect,2016-07-11,10:27,627,81,61.1
FARYSIMMD1,3,resight,2016-07-11,10:33,633,,
FARYSIMMD1,4,transect,2016-07-18,6:11,371,77,71.1
FARYSIMMD1,4,pointcount,2016-07-18,6:16,376,,
FARYSIMMD1,4,takedown,2016-07-18,6:28,388,,
FARYSIMMD1,4,resight,2016-07-18,6:31,391,,
FARYSIMMD1,5,transect,2016-08-13,7:44,464,84,75.9
FARYSIMMD1,5,pointcount,2016-08-13,7:49,469,,
FARYSIMMD1,5,resight,2016-08-13,8:00,480,,
FARYSIMMD1,5,setup,2016-08-13,8:28,508,,
FARYSIMMD1,6,transect,2016-08-20,7:22,442,75,71.1
FARYSIMMD1,6,pointcount,2016-08-20,7:25,445,,
FARYSIMMD1,6,takedown,2016-08-20,7:35,455,,
FISHFERVA1,1,setup,2016-06-09,7:27,447,,
FISHFERVA1,1,pointcount,2016-06-09,7:38,458,,
FISHFERVA1,1,transect,2016-06-09,7:52,472,64,46.9
FISHFERVA1,1,resight,2016-06-09,8:00,480,,
FISHFERVA1,2,transect,2016-06-16,11:55,715,78.1,69.1
FISHFERVA1,2,takedown,2016-06-16,12:03,723,,
FISHFERVA1,2,resight,2016-06-16,12:07,727,,
FISHFERVA1,3,transect,2016-07-25,13:19,799,95,75.9
FISHFERVA1,3,pointcount,2016-07-25,13:24,804,,
FISHFERVA1,3,setup,2016-07-25,13:42,822,,
FISHFERVA1,4,transect,2016-08-01,6:07,367,75.9,72
FISHFERVA1,4,pointcount,2016-08-01,6:13,373,,
FISHFERVA1,4,resight,2016-08-01,6:24,384,,
FISHFERVA1,4,takedown,2016-08-01,6:51,411,,
FISHFERVA1,5,transect,2016-08-19,8:05,485,79,66.9
FISHFERVA1,5,pointcount,2016-08-19,8:11,491,,
FISHFERVA1,5,setup,2016-08-19,8:27,507,,
FISHFERVA1,6,transect,2016-08-26,7:20,440,77,75
FISHFERVA1,6,resight,2016-08-26,7:24,444,,
FISHFERVA1,6,takedown,2016-08-26,7:48,468,,
GECACARVA1,1,transect,2016-06-13,9:29,569,69.1,48.9
GECACARVA1,1,setup,2016-06-13,9:33,573,,
GECACARVA1,1,pointcount,2016-06-13,9:35,575,,
GECACARVA1,1,resight,2016-06-13,9:47,587,,
GECACARVA1,2,takedown,2016-06-20,12:28,748,,
GECACARVA1,2,transect,2016-06-20,12:34,754,87.1,55
GECACARVA1,2,resight,2016-06-20,12:36,756,,
GECACARVA1,3,transect,2016-07-07,8:49,529,86,70
GECACARVA1,3,pointcount,2016-07-07,8:54,534,,
GECACARVA1,3,setup,2016-07-07,9:06,546,,
GECACARVA1,3,resight,2016-07-07,9:22,562,,
GECACARVA1,4,transect,2016-07-14,9:29,569,86,75
GECACARVA1,4,pointcount,2016-07-14,9:33,573,,
GECACARVA1,4,takedown,2016-07-14,9:45,585,,
GECACARVA1,5,resight,2016-08-19,7:23,443,,
GECACARVA1,5,transect,2016-08-19,7:24,444,79,66.9
GECACARVA1,5,setup,2016-08-19,7:51,471,,
GECACARVA1,6,transect,2016-08-26,6:39,399,77,75
GECACARVA1,6,pointcount,2016-08-26,6:44,404,,
GECACARVA1,6,takedown,2016-08-26,6:55,415,,
GERYERIMD1,1,transect,2016-06-17,12:01,721,75.9,60.1
GERYERIMD1,1,pointcount,2016-06-17,12:09,729,,
GERYERIMD1,1,resight,2016-06-17,12:20,740,,
GERYERIMD1,2,transect,2016-06-23,12:28,748,77,68
GERYERIMD1,2,resight,2016-06-23,12:31,751,,
GERYERIMD1,3,transect,2016-07-08,6:10,370,78.1,68
GERYERIMD1,3,pointcount,2016-07-08,6:16,376,,
GERYERIMD1,4,transect,2016-07-15,5:58,358,77,69.1
GERYERIMD1,4,pointcount,2016-07-15,6:03,363,,
GERYERIMD1,4,resight,2016-07-15,6:15,375,,
GERYERIMD1,5,transect,2016-08-01,12:34,754,88,73
GERYERIMD1,5,pointcount,2016-08-01,12:41,761,,
GERYERIMD1,6,transect,2016-08-08,6:16,376,73.9,61
GERYERIMD1,6,resight,2016-08-08,6:21,381,,
JACOMERMD1,1,transect,2016-06-21,8:05,485,78.1,64.9
JACOMERMD1,1,pointcount,2016-06-21,8:09,489,,
JACOMERMD1,1,resight,2016-06-21,8:27,507,,
JACOMERMD1,1,setup,2016-06-21,9:01,541,,
JACOMERMD1,2,transect,2016-06-28,14:33,873,82.9,73.9
JACOMERMD1,2,takedown,2016-06-28,14:36,876,,
JACOMERMD1,2,pointcount,2016-06-28,14:39,879,,
JACOMERMD1,3,transect,2016-07-20,10:22,622,79,68
JACOMERMD1,3,resight,2016-07-20,10:26,626,,
JACOMERMD1,3,setup,2016-07-20,10:55,655,,
JACOMERMD1,4,pointcount,2016-07-27,9:22,562,,
JACOMERMD1,4,transect,2016-07-27,9:35,575,87.1,68
JACOMERMD1,4,resight,2016-07-27,9:41,581,,
JACOMERMD1,4,takedown,2016-07-27,10:03,603,,
JACOMERMD1,5,transect,2016-08-17,6:19,379,79,73
JACOMERMD1,5,pointcount,2016-08-17,6:23,383,,
JACOMERMD1,5,setup,2016-08-17,6:38,398,,
JACOMERMD1,6,transect,2016-08-24,7:14,434,68,62.1
JACOMERMD1,6,resight,2016-08-24,7:17,437,,
JACOMERMD1,6,takedown,2016-08-24,7:39,459,,
KESTSABDC1,1,transect,2016-06-14,8:10,490,71.1,50
KESTSABDC1,1,pointcount,2016-06-14,8:17,497,,
KESTSABDC1,1,setup,2016-06-14,8:45,525,,
KESTSABDC1,1,resight,2016-06-14,8:57,537,,
KESTSABDC1,2,takedown,2016-06-21,10:00,600,,
KESTSABDC1,2,transect,2016-06-21,10:07,607,86,68
KESTSABDC1,2,resight,2016-06-21,10:10,610,,
KESTSABDC1,3,transect,2016-07-21,6:15,375,71.1,66
KESTSABDC1,3,pointcount,2016-07-21,6:21,381,,
KESTSABDC1,3,setup,2016-07-21,6:39,399,,
KESTSABDC1,4,transect,2016-07-28,9:02,542,86,75
KESTSABDC1,4,pointcount,2016-07-28,9:08,548,,
KESTSABDC1,4,takedown,2016-07-28,9:19,559,,
KESTSABDC1,4,resight,2016-07-28,9:22,562,,
KESTSABDC1,5,setup,2016-08-08,12:40,760,,
KESTSABDC1,5,transect,2016-08-08,12:41,761,89.1,55.9
KESTSABDC1,5,resight,2016-08-08,12:45,765,,
KESTSABDC1,6,transect,2016-08-15,10:03,603,88,69.1
KESTSABDC1,6,pointcount,2016-08-15,10:07,607,,
KESTSABDC1,6,takedown,2016-08-15,10:17,617,,
KEYESUSMD1,1,pointcount,2016-06-10,9:36,576,,
KEYESUSMD1,1,setup,2016-06-10,9:45,585,,
KEYESUSMD1,1,transect,2016-06-10,9:50,590,71.1,43
KEYESUSMD1,1,resight,2016-06-10,10:10,610,,
KEYESUSMD1,2,takedown,2016-06-17,13:15,795,,
KEYESUSMD1,2,resight,2016-06-17,13:21,801,,
KEYESUSMD1,2,transect,2016-06-17,13:45,825,80.1,57.9
KEYESUSMD1,3,transect,2016-07-20,11:18,678,82,70
KEYESUSMD1,3,pointcount,2016-07-20,11:24,684,,
KEYESUSMD1,3,setup,2016-07-20,11:41,701,,
KEYESUSMD1,4,pointcount,2016-07-27,10:30,630,,
KEYESUSMD1,4,transect,2016-07-27,10:44,644,90,69.1
KEYESUSMD1,4,resight,2016-07-27,10:47,647,,
KEYESUSMD1,4,takedown,2016-07-27,11:14,674,,
KEYESUSMD1,5,transect,2016-08-03,10:39,639,79,64.9
KEYESUSMD1,5,resight,2016-08-03,10:43,643,,
KEYESUSMD1,5,setup,2016-08-03,11:19,679,,
KEYESUSMD1,6,transect,2016-08-10,7:37,457,78.1,73.9
KEYESUSMD1,6,pointcount,2016-08-10,7:40,460,,
KEYESUSMD1,6,takedown,2016-08-10,7:53,473,,
LANDCELVA1,1,setup,2016-06-16,13:22,802,,
LANDCELVA1,1,transect,2016-06-16,13:24,804,81,68
LANDCELVA1,1,pointcount,2016-06-16,13:30,810,,
LANDCELVA1,1,resight,2016-06-16,13:41,821,,
LANDCELVA1,2,transect,2016-06-23,11:35,695,75,66.9
LANDCELVA1,2,takedown,2016-06-23,11:39,699,,
LANDCELVA1,2,pointcount,2016-06-23,11:41,701,,
LANDCELVA1,3,transect,2016-07-25,6:05,365,82,77
LANDCELVA1,3,pointcount,2016-07-25,6:12,372,,
LANDCELVA1,3,resight,2016-07-25,6:27,387,,
LANDCELVA1,3,setup,2016-07-25,7:04,424,,
LANDCELVA1,4,transect,2016-08-01,7:25,445,78.1,72
LANDCELVA1,4,resight,2016-08-01,7:28,448,,
LANDCELVA1,4,takedown,2016-08-01,7:53,473,,
LANDCELVA1,5,transect,2016-08-08,8:43,523,80.1,62.1
LANDCELVA1,5,resight,2016-08-08,8:47,527,,
LANDCELVA1,5,setup,2016-08-08,9:17,557,,
LANDCELVA1,6,transect,2016-08-15,7:10,430,78.1,71.1
LANDCELVA1,6,pointcount,2016-08-15,7:14,434,,
LANDCELVA1,6,takedown,2016-08-15,7:25,445,,
LEONTESDC1,1,setup,2016-06-06,10:39,639,,
LEONTESDC1,1,resight,2016-06-06,10:41,641,,
LEONTESDC1,1,pointcount,2016-06-06,10:58,658,,
LEONTESDC1,1,transect,2016-06-06,11:09,669,81,61
LEONTESDC1,2,transect,2016-06-13,6:40,400,64.9,46.9
LEONTESDC1,2,takedown,2016-06-13,6:46,406,,
LEONTESDC1,2,resight,2016-06-13,6:48,408,,
LEONTESDC1,3,transect,2016-07-28,8:16,496,84,73.9
LEONTESDC1,3,pointcount,2016-07-28,8:22,502,,
LEONTESDC1,3,setup,2016-07-28,8:46,526,,
LEONTESDC1,4,transect,2016-08-04,9:53,593,77,64
LEONTESDC1,4,pointcount,2016-08-04,9:58,598,,
LEONTESDC1,4,resight,2016-08-04,10:08,608,,
LEONTESDC1,4,takedown,2016-08-04,10:28,628,,
LEONTESDC1,5,transect,2016-08-14,11:04,664,95,70
LEONTESDC1,5,resight,2016-08-14,11:09,669,,
LEONTESDC1,5,setup,2016-08-14,11:42,702,,
LEONTESDC1,6,transect,2016-08-21,6:17,377,75.9,72
LEONTESDC1,6,pointcount,2016-08-21,6:23,383,,
LEONTESDC1,6,takedown,2016-08-21,6:33,393,,
MANNJANDC1,1,pointcount,2016-06-08,7:09,429,,
MANNJANDC1,1,setup,2016-06-08,7:30,450,,
MANNJANDC1,1,transect,2016-06-08,7:41,461,68,51.1
MANNJANDC1,1,resight,2016-06-08,7:52,472,,
MANNJANDC1,2,takedown,2016-06-15,8:41,521,,
MANNJANDC1,2,transect,2016-06-15,8:47,527,70,63
MANNJANDC1,2,resight,2016-06-15,8:52,532,,
MANNJANDC1,3,transect,2016-07-04,9:59,599,70,66
MANNJANDC1,3,pointcount,2016-07-04,10:03,603,,
MANNJANDC1,3,setup,2016-07-04,10:25,625,,
MANNJANDC1,4,transect,2016-07-11,9:34,574,79,61.1
MANNJANDC1,4,resight,2016-07-11,9:38,578,,
MANNJANDC1,4,takedown,2016-07-11,10:03,603,,
MANNJANDC1,5,transect,2016-08-18,7:40,460,78.1,72
MANNJANDC1,5,pointcount,2016-08-18,7:44,464,,
MANNJANDC1,5,setup,2016-08-18,7:59,479,,
MANNJANDC1,6,transect,2016-08-25,6:45,405,71.1,66
MANNJANDC1,6,pointcount,2016-08-25,6:52,412,,
MANNJANDC1,6,resight,2016-08-25,7:02,422,,
MANNJANDC1,6,takedown,2016-08-25,7:24,444,,
MCDOELIVA1,1,transect,2016-06-30,9:36,576,75,57.9
MCDOELIVA1,1,setup,2016-06-30,9:52,592,,
MCDOELIVA1,1,pointcount,2016-06-30,9:59,599,,
MCDOELIVA1,1,resight,2016-06-30,10:11,611,,
MCDOELIVA1,2,transect,2016-07-07,11:05,665,88,71.1
MCDOELIVA1,2,pointcount,2016-07-07,11:09,669,,
MCDOELIVA1,2,takedown,2016-07-07,11:21,681,,
MCDOELIVA1,3,transect,2016-07-14,8:17,497,78.1,73
MCDOELIVA1,3,pointcount,2016-07-14,8:23,503,,
MCDOELIVA1,3,setup,2016-07-14,8:50,530,,
MCDOELIVA1,4,transect,2016-07-21,9:28,568,81,68
MCDOELIVA1,4,resight,2016-07-21,9:32,572,,
MCDOELIVA1,4,takedown,2016-07-21,10:04,604,,
MCDOELIVA1,5,transect,2016-08-01,9:55,595,82.9,72
MCDOELIVA1,5,resight,2016-08-01,9:59,599,,
MCDOELIVA1,5,setup,2016-08-01,10:27,627,,
MCDOELIVA1,6,transect,2016-08-08,11:13,673,84.9,62.1
MCDOELIVA1,6,pointcount,2016-08-08,11:19,679,,
MCDOELIVA1,6,resight,2016-08-08,11:30,690,,
MCDOELIVA1,6,takedown,2016-08-08,11:58,718,,
MISSEDDC1,1,transect,2016-06-20,10:33,633,82,57.9
MISSEDDC1,1,pointcount,2016-06-20,10:37,637,,
MISSEDDC1,1,resight,2016-06-20,10:49,649,,
MISSEDDC1,2,resight,2016-06-27,12:38,758,,
MISSEDDC1,2,transect,2016-06-27,12:59,779,84,68
MISSEDDC1,3,transect,2016-07-21,8:18,498,75.9,70
MISSEDDC1,3,pointcount,2016-07-21,8:23,503,,
MISSEDDC1,3,resight,2016-07-21,8:34,514,,
MISSEDDC1,4,transect,2016-07-28,10:51,651,88,75
MISSEDDC1,4,pointcount,2016-07-28,10:56,656,,
MISSEDDC1,5,transect,2016-08-05,6:14,374,73.9,68
MISSEDDC1,5,pointcount,2016-08-05,6:18,378,,
MISSEDDC1,6,transect,2016-08-12,6:59,419,81,73
MISSEDDC1,6,resight,2016-08-12,7:05,425,,
MOLIKARMD1,1,transect,2016-06-07,12:25,745,82,59
MOLIKARMD1,1,setup,2016-06-07,12:53,773,,
MOLIKARMD1,1,pointcount,2016-06-07,13:01,781,,
MOLIKARMD1,1,resight,2016-06-07,13:11,791,,
MOLIKARMD1,2,transect,2016-06-14,10:37,637,75,48.9
MOLIKARMD1,2,takedown,2016-06-14,10:44,644,,
MOLIKARMD1,2,resight,2016-06-14,10:48,648,,
MOLIKARMD1,3,transect,2016-07-08,7:34,454,81,69.1
MOLIKARMD1,3,pointcount,2016-07-08,7:41,461,,
MOLIKARMD1,3,setup,2016-07-08,7:54,474,,
MOLIKARMD1,4,transect,2016-07-15,7:49,469,81,70
MOLIKARMD1,4,resight,2016-07-15,7:53,473,,
MOLIKARMD1,4,takedown,2016-07-15,8:21,501,,
MOLIKARMD1,5,transect,2016-08-21,7:41,461,78.1,72
MOLIKARMD1,5,pointcount,2016-08-21,7:47,467,,
MOLIKARMD1,5,resight,2016-08-21,7:58,478,,
MOLIKARMD1,5,setup,2016-08-21,8:24,504,,
MOLIKARMD1,6,transect,2016-08-28,6:35,395,75,71.1
MOLIKARMD1,6,pointcount,2016-08-28,6:50,410,,
MOLIKARMD1,6,takedown,2016-08-28,7:02,422,,
MORRCHRVA1,1,setup,2016-06-27,14:07,847,,
MORRCHRVA1,1,transect,2016-06-27,14:11,851,86,69.1
MORRCHRVA1,1,pointcount,2016-06-27,14:14,854,,
MORRCHRVA1,2,takedown,2016-07-04,12:53,773,,
MORRCHRVA1,2,transect,2016-07-04,13:01,781,72,66.9
MORRCHRVA1,2,resight,2016-07-04,13:04,784,,
MORRCHRVA1,3,transect,2016-07-18,9:30,570,84,75.9
MORRCHRVA1,3,pointcount,2016-07-18,9:36,576,,
MORRCHRVA1,3,setup,2016-07-18,9:51,591,,
MORRCHRVA1,4,transect,2016-07-25,10:40,640,91.9,78.1
MORRCHRVA1,4,pointcount,2016-07-25,10:43,643,,
MORRCHRVA1,4,resight,2016-07-25,10:55,655,,
MORRCHRVA1,4,takedown,2016-07-25,11:23,683,,
MORRCHRVA1,5,transect,2016-08-01,11:14,674,86,73
MORRCHRVA1,5,resight,2016-08-01,11:18,678,,
MORRCHRVA1,5,setup,2016-08-01,11:54,714,,
MORRCHRVA1,6,transect,2016-08-08,7:20,440,73,62.1
MORRCHRVA1,6,pointcount,2016-08-08,7:23,443,,
MORRCHRVA1,6,resight,2016-08-08,7:34,454,,
MORRCHRVA1,6,takedown,2016-08-08,7:40,460,,
MOSMCARMD1,1,setup,2016-06-28,10:09,609,,
MOSMCARMD1,1,pointcount,2016-06-28,10:16,616,,
MOSMCARMD1,1,transect,2016-06-28,10:29,629,80.1,73
MOSMCARMD1,2,takedown,2016-07-05,9:46,586,,
MOSMCARMD1,2,transect,2016-07-05,9:52,592,82,73
MOSMCARMD1,2,resight,2016-07-05,9:56,596,,
MOSMCARMD1,3,transect,2016-07-19,7:56,476,80.1,69.1
MOSMCARMD1,3,pointcount,2016-07-19,8:05,485,,
MOSMCARMD1,3,setup,2016-07-19,8:18,498,,
MOSMCARMD1,4,transect,2016-07-26,8:28,508,87.1,72
MOSMCARMD1,4,pointcount,2016-07-26,8:33,513,,
MOSMCARMD1,4,resight,2016-07-26,8:43,523,,
MOSMCARMD1,4,takedown,2016-07-26,9:18,558,,
MOSMCARMD1,5,resight,2016-08-28,8:37,517,,
MOSMCARMD1,5,transect,2016-08-23,9:20,560,73.9,61
MOSMCARMD1,5,pointcount,2016-08-23,9:25,565,,
MOSMCARMD1,5,setup,2016-08-23,9:47,587,,
MOSMCARMD1,6,transect,2016-08-30,8:54,534,78.1,63
MOSMCARMD1,6,resight,2016-08-30,8:57,537,,
MOSMCARMD1,6,takedown,2016-08-30,9:21,561,,
NEWBCARVA1,1,transect,2016-06-15,12:05,725,75.9,63
NEWBCARVA1,1,setup,2016-06-15,12:40,760,,
NEWBCARVA1,1,pointcount,2016-06-15,12:50,770,,
NEWBCARVA1,1,resight,2016-06-15,13:07,787,,
NEWBCARVA1,2,transect,2016-06-22,12:33,753,82.9,51.1
NEWBCARVA1,2,takedown,2016-06-22,12:35,755,,
NEWBCARVA1,3,transect,2016-07-11,6:09,369,75.9,61
NEWBCARVA1,3,pointcount,2016-07-11,6:15,375,,
NEWBCARVA1,3,setup,2016-07-11,6:30,390,,
NEWBCARVA1,4,transect,2016-07-18,10:34,634,87.1,75.9
NEWBCARVA1,4,pointcount,2016-07-18,10:38,638,,
NEWBCARVA1,4,resight,2016-07-18,10:51,651,,
NEWBCARVA1,4,takedown,2016-07-18,11:21,681,,
NEWBCARVA1,5,transect,2016-08-15,7:46,466,82,70
NEWBCARVA1,5,pointcount,2016-08-15,7:50,470,,
NEWBCARVA1,5,resight,2016-08-15,8:00,480,,
NEWBCARVA1,5,setup,2016-08-15,8:07,487,,
NEWBCARVA1,6,transect,2016-08-22,8:39,519,75,60.1
NEWBCARVA1,6,resight,2016-08-22,8:41,521,,
NEWBCARVA1,6,takedown,2016-08-22,9:00,540,,
OBRICHRMD1,1,setup,2016-06-29,12:28,748,,
OBRICHRMD1,1,transect,2016-06-29,12:32,752,81,60.1
OBRICHRMD1,1,pointcount,2016-06-29,12:37,757,,
OBRICHRMD1,2,takedown,2016-07-06,8:45,525,,
OBRICHRMD1,2,transect,2016-07-06,8:49,529,82,73
OBRICHRMD1,2,resight,2016-07-06,8:53,533,,
OBRICHRMD1,3,transect,2016-07-27,7:32,452,82.9,72
OBRICHRMD1,3,pointcount,2016-07-27,7:39,459,,
OBRICHRMD1,3,resight,2016-07-27,7:51,471,,
OBRICHRMD1,3,setup,2016-07-27,8:25,505,,
OBRICHRMD1,4,transect,2016-08-03,9:14,554,75.9,66.9
OBRICHRMD1,4,resight,2016-08-03,9:18,558,,
OBRICHRMD1,4,takedown,2016-08-03,9:47,587,,
OBRICHRMD1,5,transect,2016-08-23,7:06,426,66.9,60.1
OBRICHRMD1,5,pointcount,2016-08-23,7:10,430,,
OBRICHRMD1,5,setup,2016-08-23,7:28,448,,
OBRICHRMD1,6,transect,2016-08-30,7:08,428,75,62.1
OBRICHRMD1,6,pointcount,2016-08-30,7:13,433,,
OBRICHRMD1,6,resight,2016-08-30,7:24,444,,
OBRICHRMD1,6,takedown,2016-08-30,7:52,472,,
OLONMARDC1,1,transect,2016-06-23,6:50,410,72,68
OLONMARDC1,1,resight,2016-06-23,13:10,790,,
OLONMARDC1,2,transect,2016-06-30,6:36,396,68,55.9
OLONMARDC1,2,pointcount,2016-06-30,6:45,405,,
OLONMARDC1,2,resight,2016-06-30,6:56,416,,
OLONMARDC1,3,transect,2016-07-14,12:25,745,93.9,69.1
OLONMARDC1,3,pointcount,2016-07-14,12:30,750,,
OLONMARDC1,4,transect,2016-07-21,10:56,656,82.9,64.9
OLONMARDC1,4,pointcount,2016-07-21,11:02,662,,
OLONMARDC1,5,transect,2016-08-22,6:21,381,71.1,59
OLONMARDC1,5,pointcount,2016-08-22,6:27,387,,
OLONMARDC1,5,resight,2016-08-22,6:37,397,,
OLONMARDC1,6,transect,2016-08-29,10:18,618,82,69.1
OLONMARDC1,6,resight,2016-08-29,10:22,622,,
ONTAHOUDC1,1,setup,2016-06-13,7:38,458,,
ONTAHOUDC1,1,transect,2016-06-13,7:49,469,66,48.9
ONTAHOUDC1,1,pointcount,2016-06-13,7:55,475,,
ONTAHOUDC1,1,resight,2016-06-13,8:05,485,,
ONTAHOUDC1,2,takedown,2016-06-20,11:32,692,,
ONTAHOUDC1,2,transect,2016-06-20,11:39,699,84.9,59
ONTAHOUDC1,2,resight,2016-06-20,11:41,701,,
ONTAHOUDC1,3,transect,2016-07-14,11:33,693,91,75.9
ONTAHOUDC1,3,pointcount,2016-07-14,11:41,701,,
ONTAHOUDC1,3,setup,2016-07-14,11:55,715,,
ONTAHOUDC1,4,pointcount,2016-07-21,7:03,423,,
ONTAHOUDC1,4,transect,2016-07-21,7:17,437,73.9,66.9
ONTAHOUDC1,4,resight,2016-07-21,7:20,440,,
ONTAHOUDC1,4,takedown,2016-07-21,7:44,464,,
ONTAHOUDC1,5,transect,2016-08-03,6:51,411,72,66
ONTAHOUDC1,5,resight,2016-08-03,6:55,415,,
ONTAHOUDC1,5,setup,2016-08-03,7:31,451,,
ONTAHOUDC1,6,transect,2016-08-10,6:32,392,78.1,75
ONTAHOUDC1,6,pointcount,2016-08-10,6:38,398,,
ONTAHOUDC1,6,takedown,2016-08-10,6:48,408,,
PADORAMVA1,1,transect,2016-06-23,10:15,615,75,69.1
PADORAMVA1,1,pointcount,2016-06-23,10:20,620,,
PADORAMVA1,1,setup,2016-06-23,10:31,631,,
PADORAMVA1,1,resight,2016-06-23,10:32,632,,
PADORAMVA1,2,takedown,2016-06-30,8:55,535,,
PADORAMVA1,2,resight,2016-06-30,8:59,539,,
PADORAMVA1,2,transect,2016-06-30,9:15,555,73,57
PADORAMVA1,3,transect,2016-07-07,10:30,630,88,71.1
PADORAMVA1,3,pointcount,2016-07-07,10:42,642,,
PADORAMVA1,3,setup,2016-07-07,10:54,654,,
PADORAMVA1,4,transect,2016-07-14,7:19,439,75.9,72
PADORAMVA1,4,pointcount,2016-07-14,7:24,444,,
PADORAMVA1,4,resight,2016-07-14,7:37,457,,
PADORAMVA1,4,takedown,2016-07-14,8:05,485,,
PADORAMVA1,5,transect,2016-08-22,10:38,638,79,61
PADORAMVA1,5,pointcount,2016-08-22,10:43,643,,
PADORAMVA1,5,setup,2016-08-22,11:00,660,,
PADORAMVA1,6,transect,2016-08-29,8:59,539,79,69.1
PADORAMVA1,6,resight,2016-08-29,9:02,542,,
PADORAMVA1,6,takedown,2016-08-29,9:24,564,,
PERRCHRMD1,1,setup,2016-06-21,11:53,713,,
PERRCHRMD1,1,transect,2016-06-21,11:55,715,89.1,66.9
PERRCHRMD1,2,pointcount,2016-06-28,11:56,716,,
PERRCHRMD1,2,takedown,2016-06-28,12:06,726,,
PERRCHRMD1,2,resight,2016-06-28,12:10,730,,
PERRCHRMD1,2,transect,2016-06-28,12:26,746,81,73.9
PERRCHRMD1,3,transect,2016-07-26,6:39,399,81,73
PERRCHRMD1,3,pointcount,2016-07-26,6:48,408,,
PERRCHRMD1,3,setup,2016-07-26,7:02,422,,
PERRCHRMD1,4,transect,2016-08-02,11:12,672,84,71.1
PERRCHRMD1,4,takedown,2016-08-02,11:18,678,,
PERRCHRMD1,4,pointcount,2016-08-02,11:20,680,,
PERRCHRMD1,4,resight,2016-08-02,11:31,691,,
PERRCHRMD1,5,transect,2016-08-07,8:27,507,79,62.1
PERRCHRMD1,5,pointcount,2016-08-07,8:38,518,,
PERRCHRMD1,5,resight,2016-08-07,8:49,529,,
PERRCHRMD1,5,setup,2016-08-07,9:11,551,,
PERRCHRMD1,6,transect,2016-08-14,7:18,438,82,75.9
PERRCHRMD1,6,resight,2016-08-14,7:20,440,,
PERRCHRMD1,6,takedown,2016-08-14,7:36,456,,
PHARAIMMD1,1,setup,2016-06-28,13:05,785,,
PHARAIMMD1,1,pointcount,2016-06-28,13:11,791,,
PHARAIMMD1,1,transect,2016-06-28,13:26,806,82.9,75
PHARAIMMD1,2,transect,2016-07-05,8:30,510,82,73
PHARAIMMD1,2,takedown,2016-07-05,8:36,516,,
PHARAIMMD1,2,resight,2016-07-05,8:42,522,,
PHARAIMMD1,3,transect,2016-07-26,7:24,444,82.9,73
PHARAIMMD1,3,pointcount,2016-07-26,7:33,453,,
PHARAIMMD1,3,setup,2016-07-26,7:47,467,,
PHARAIMMD1,4,transect,2016-08-02,8:37,517,80.1,72
PHARAIMMD1,4,takedown,2016-08-02,8:44,524,,
PHARAIMMD1,4,pointcount,2016-08-02,8:50,530,,
PHARAIMMD1,4,resight,2016-08-02,9:03,543,,
PHARAIMMD1,5,transect,2016-08-09,10:05,605,75.9,64
PHARAIMMD1,5,pointcount,2016-08-09,10:11,611,,
PHARAIMMD1,5,resight,2016-08-09,10:22,622,,
PHARAIMMD1,5,setup,2016-08-09,10:53,653,,
PHARAIMMD1,6,transect,2016-08-16,10:30,630,82.9,75.9
PHARAIMMD1,6,resight,2016-08-16,10:34,634,,
PHARAIMMD1,6,takedown,2016-08-16,11:00,660,,
PIROELADC1,1,transect,2016-06-07,10:12,612,78.1,66.9
PIROELADC1,1,setup,2016-06-07,10:17,617,,
PIROELADC1,1,pointcount,2016-06-07,10:20,620,,
PIROELADC1,1,resight,2016-06-07,10:32,632,,
PIROELADC1,2,transect,2016-06-14,7:04,424,70,50
PIROELADC1,2,takedown,2016-06-14,7:10,430,,
PIROELADC1,2,resight,2016-06-14,7:15,435,,
PIROELADC1,3,transect,2016-07-28,6:53,413,82.9,73.9
PIROELADC1,3,pointcount,2016-07-28,7:00,420,,
PIROELADC1,3,setup,2016-07-28,7:20,440,,
PIROELADC1,4,transect,2016-08-04,8:08,488,73,66
PIROELADC1,4,pointcount,2016-08-04,8:13,493,,
PIROELADC1,4,resight,2016-08-04,8:24,504,,
PIROELADC1,4,takedown,2016-08-04,8:45,525,,
PIROELADC1,5,transect,2016-08-24,11:08,668,80.1,64
PIROELADC1,5,resight,2016-08-24,11:12,672,,
PIROELADC1,5,setup,2016-08-24,12:11,731,,
PIROELADC1,6,transect,2016-08-31,8:19,499,75.9,70
PIROELADC1,6,pointcount,2016-08-31,8:22,502,,
PIROELADC1,6,takedown,2016-08-31,8:33,513,,
REITBOBMD1,1,setup,2016-06-22,8:27,507,,
REITBOBMD1,1,transect,2016-06-22,8:32,512,78.1,62.1
REITBOBMD1,1,pointcount,2016-06-22,8:36,516,,
REITBOBMD1,1,resight,2016-06-22,8:48,528,,
REITBOBMD1,2,transect,2016-06-29,13:49,829,81,60.1
REITBOBMD1,2,takedown,2016-06-29,13:53,833,,
REITBOBMD1,3,transect,2016-07-04,8:00,480,69.1,66
REITBOBMD1,3,pointcount,2016-07-04,8:05,485,,
REITBOBMD1,3,setup,2016-07-04,8:20,500,,
REITBOBMD1,3,resight,2016-07-04,8:25,505,,
REITBOBMD1,4,transect,2016-07-11,11:18,678,81,61.1
REITBOBMD1,4,resight,2016-07-11,11:22,682,,
REITBOBMD1,4,takedown,2016-07-11,11:45,705,,
REITBOBMD1,5,transect,2016-08-14,6:05,365,82,75
REITBOBMD1,5,pointcount,2016-08-14,6:14,374,,
REITBOBMD1,5,setup,2016-08-14,6:31,391,,
REITBOBMD1,6,pointcount,2016-08-23,6:36,396,,
REITBOBMD1,6,transect,2016-08-21,12:13,733,84,75.9
REITBOBMD1,6,resight,2016-08-21,12:16,736,,
REITBOBMD1,6,takedown,2016-08-21,12:37,757,,
ROHRSALMD1,1,transect,2016-07-01,10:02,602,77,71.1
ROHRSALMD1,1,pointcount,2016-07-01,10:25,625,,
ROHRSALMD1,1,resight,2016-07-01,10:45,645,,
ROHRSALMD1,1,setup,2016-07-01,11:19,679,,
ROHRSALMD1,2,takedown,2016-07-08,9:34,574,,
ROHRSALMD1,2,transect,2016-07-08,9:40,580,84.9,71.1
ROHRSALMD1,3,transect,2016-07-29,11:53,713,84,70
ROHRSALMD1,3,resight,2016-07-29,11:57,717,,
ROHRSALMD1,3,setup,2016-07-29,12:23,743,,
ROHRSALMD1,4,transect,2016-08-05,8:33,513,75.9,68
ROHRSALMD1,4,pointcount,2016-08-05,8:39,519,,
ROHRSALMD1,4,resight,2016-08-05,8:50,530,,
ROHRSALMD1,4,takedown,2016-08-05,9:17,557,,
ROHRSALMD1,5,transect,2016-08-14,8:53,533,87.1,77
ROHRSALMD1,5,pointcount,2016-08-14,8:58,538,,
ROHRSALMD1,5,resight,2016-08-14,9:10,550,,
ROHRSALMD1,5,setup,2016-08-14,9:49,589,,
ROHRSALMD1,6,transect,2016-08-21,9:46,586,80.1,73.9
ROHRSALMD1,6,pointcount,2016-08-21,9:50,590,,
ROHRSALMD1,6,takedown,2016-08-21,10:03,603,,
SALOSHEMD1,1,setup,2016-06-06,12:38,758,,
SALOSHEMD1,1,resight,2016-06-06,12:41,761,,
SALOSHEMD1,1,pointcount,2016-06-06,12:58,778,,
SALOSHEMD1,1,transect,2016-06-06,13:10,790,84,57.9
SALOSHEMD1,2,takedown,2016-06-13,14:41,881,,
SALOSHEMD1,2,transect,2016-06-13,14:46,886,79,52
SALOSHEMD1,2,resight,2016-06-13,14:50,890,,
SALOSHEMD1,3,transect,2016-07-20,7:24,444,71.1,66.9
SALOSHEMD1,3,pointcount,2016-07-20,7:30,450,,
SALOSHEMD1,3,setup,2016-07-20,7:55,475,,
SALOSHEMD1,4,transect,2016-07-27,6:16,376,81,73
SALOSHEMD1,4,pointcount,2016-07-27,6:20,380,,
SALOSHEMD1,4,resight,2016-07-27,6:32,392,,
SALOSHEMD1,4,takedown,2016-07-27,7:05,425,,
SALOSHEMD1,5,transect,2016-08-04,7:10,430,71.1,66
SALOSHEMD1,5,setup,2016-08-04,7:15,435,,
SALOSHEMD1,6,transect,2016-08-11,7:04,424,79,73.9
SALOSHEMD1,6,pointcount,2016-08-11,7:08,428,,
SALOSHEMD1,6,resight,2016-08-11,7:20,440,,
SALOSHEMD1,6,takedown,2016-08-11,7:41,461,,
SCHLROBMD1,1,setup,2016-06-28,7:46,466,,
SCHLROBMD1,1,transect,2016-06-28,7:48,468,75.2,73.4
SCHLROBMD1,1,pointcount,2016-06-28,7:50,470,,
SCHLROBMD1,1,resight,2016-06-28,8:04,484,,
SCHLROBMD1,2,takedown,2016-07-05,12:28,748,,
SCHLROBMD1,2,transect,2016-07-05,12:32,752,82,73
SCHLROBMD1,2,resight,2016-07-05,12:37,757,,
SCHLROBMD1,3,transect,2016-07-19,10:28,628,84.9,68
SCHLROBMD1,3,pointcount,2016-07-19,10:33,633,,
SCHLROBMD1,3,setup,2016-07-19,10:48,648,,
SCHLROBMD1,4,transect,2016-07-26,10:07,607,89.1,72
SCHLROBMD1,4,pointcount,2016-07-26,10:12,612,,
SCHLROBMD1,4,resight,2016-07-26,10:24,624,,
SCHLROBMD1,4,takedown,2016-07-26,10:46,646,,
SCHLROBMD1,5,transect,2016-08-09,7:38,458,72,64.9
SCHLROBMD1,5,pointcount,2016-08-09,7:43,463,,
SCHLROBMD1,5,setup,2016-08-09,8:00,480,,
SCHLROBMD1,6,transect,2016-08-16,8:53,533,79,73.9
SCHLROBMD1,6,resight,2016-08-16,8:56,536,,
SCHLROBMD1,6,takedown,2016-08-16,9:25,565,,
SILLSCOMD1,1,setup,2016-06-09,10:01,601,,
SILLSCOMD1,1,transect,2016-06-09,10:03,603,71.1,48
SILLSCOMD1,1,pointcount,2016-06-09,10:10,610,,
SILLSCOMD1,1,resight,2016-06-09,10:23,623,,
SILLSCOMD1,2,takedown,2016-06-16,10:25,625,,
SILLSCOMD1,2,transect,2016-06-16,10:32,632,75,69.1
SILLSCOMD1,2,resight,2016-06-16,10:39,639,,
SILLSCOMD1,3,transect,2016-07-06,6:48,408,82,73
SILLSCOMD1,3,setup,2016-07-06,6:58,418,,
SILLSCOMD1,3,pointcount,2016-07-06,7:02,422,,
SILLSCOMD1,4,transect,2016-07-13,9:50,590,80.1,75
SILLSCOMD1,4,pointcount,2016-07-13,9:59,599,,
SILLSCOMD1,4,resight,2016-07-13,10:11,611,,
SILLSCOMD1,4,takedown,2016-07-13,10:39,639,,
SILLSCOMD1,5,transect,2016-08-11,8:55,535,84,73.9
SILLSCOMD1,5,resight,2016-08-11,8:59,539,,
SILLSCOMD1,5,setup,2016-08-11,9:28,568,,
SILLSCOMD1,6,transect,2016-08-18,6:51,411,75.9,72
SILLSCOMD1,6,pointcount,2016-08-18,6:58,418,,
SILLSCOMD1,6,takedown,2016-08-18,7:09,429,,
STANJEFMD1,1,setup,2016-06-17,9:13,553,,
STANJEFMD1,1,pointcount,2016-06-17,9:22,562,,
STANJEFMD1,1,resight,2016-06-17,9:33,573,,
STANJEFMD1,1,transect,2016-06-17,9:57,597,68,61
STANJEFMD1,2,transect,2016-06-24,6:49,409,73,68
STANJEFMD1,2,takedown,2016-06-24,6:56,416,,
STANJEFMD1,2,resight,2016-06-24,7:01,421,,
STANJEFMD1,3,setup,2016-07-27,12:12,732,,
STANJEFMD1,3,pointcount,2016-07-27,12:14,734,,
STANJEFMD1,3,transect,2016-07-27,12:26,746,93,60.1
STANJEFMD1,4,transect,2016-08-03,8:03,483,73,66.9
STANJEFMD1,4,pointcount,2016-08-03,8:09,489,,
STANJEFMD1,4,takedown,2016-08-03,8:21,501,,
STANJEFMD1,4,resight,2016-08-03,8:22,502,,
STANJEFMD1,5,setup,2016-08-17,7:39,459,,
STANJEFMD1,5,pointcount,2016-08-17,7:39,459,,
STANJEFMD1,5,transect,2016-08-17,7:51,471,82,72
STANJEFMD1,6,transect,2016-08-24,10:28,628,80.1,64
STANJEFMD1,6,resight,2016-08-24,10:32,632,,
STANJEFMD1,6,takedown,2016-08-24,10:49,649,,
STEWBETMD1,1,transect,2016-06-27,7:03,423,69.1,66
STEWBETMD1,1,setup,2016-06-27,7:16,436,,
STEWBETMD1,1,pointcount,2016-06-27,7:20,440,,
STEWBETMD1,1,resight,2016-06-27,7:32,452,,
STEWBETMD1,2,takedown,2016-07-04,7:14,434,,
STEWBETMD1,2,pointcount,2016-07-04,7:20,440,,
STEWBETMD1,2,transect,2016-07-04,7:31,451,70,66
STEWBETMD1,3,transect,2016-07-22,9:48,588,82,72
STEWBETMD1,3,resight,2016-07-22,9:55,595,,
STEWBETMD1,3,setup,2016-07-22,10:28,628,,
STEWBETMD1,4,pointcount,2016-07-29,8:40,520,,
STEWBETMD1,4,transect,2016-07-29,8:52,532,77,71.1
STEWBETMD1,4,resight,2016-07-29,8:56,536,,
STEWBETMD1,4,takedown,2016-07-29,9:18,558,,
STEWBETMD1,5,transect,2016-08-05,10:20,620,77,69.1
STEWBETMD1,5,resight,2016-08-05,10:22,622,,
STEWBETMD1,5,setup,2016-08-05,10:53,653,,
STEWBETMD1,6,transect,2016-08-12,9:13,553,86,73.9
STEWBETMD1,6,pointcount,2016-08-12,9:18,558,,
STEWBETMD1,6,takedown,2016-08-12,9:29,569,,
STUECHRVA2,1,setup,2016-06-22,11:16,676,,
STUECHRVA2,1,pointcount,2016-06-22,11:18,678,,
STUECHRVA2,1,transect,2016-06-22,11:29,689,82.9,52
STUECHRVA2,1,resight,2016-06-22,11:32,692,,
STUECHRVA2,2,takedown,2016-06-29,6:51,411,,
STUECHRVA2,2,transect,2016-06-29,6:53,413,70,64
STUECHRVA2,3,transect,2016-07-18,7:43,463,80.1,73
STUECHRVA2,3,pointcount,2016-07-18,7:49,469,,
STUECHRVA2,3,resight,2016-07-18,8:02,482,,
STUECHRVA2,3,setup,2016-07-18,8:41,521,,
STUECHRVA2,4,transect,2016-07-25,12:17,737,93.9,78.1
STUECHRVA2,4,resight,2016-07-25,12:20,740,,
STUECHRVA2,4,takedown,2016-07-25,13:01,781,,
STUECHRVA2,5,setup,2016-08-15,6:35,395,,
STUECHRVA2,5,pointcount,2016-08-15,6:36,396,,
STUECHRVA2,5,transect,2016-08-15,6:47,407,78.1,71.1
STUECHRVA2,6,takedown,2016-08-22,7:27,447,,
STUECHRVA2,6,transect,2016-08-22,7:28,448,73,60.1
STUECHRVA2,6,pointcount,2016-08-22,7:34,454,,
STUECHRVA2,6,resight,2016-08-22,7:44,464,,
STURCARMD1,1,pointcount,2016-06-08,13:10,790,,
STURCARMD1,1,transect,2016-06-08,13:29,809,71.1,39
STURCARMD1,1,resight,2016-06-08,13:33,813,,
STURCARMD1,1,setup,2016-06-08,14:00,840,,
STURCARMD1,2,takedown,2016-06-15,7:08,428,,
STURCARMD1,2,transect,2016-06-15,7:15,435,68,62.1
STURCARMD1,2,resight,2016-06-15,7:21,441,,
STURCARMD1,3,transect,2016-07-22,6:23,383,75,71.1
STURCARMD1,3,pointcount,2016-07-22,6:32,392,,
STURCARMD1,3,setup,2016-07-22,6:50,410,,
STURCARMD1,4,transect,2016-07-29,10:03,603,80.1,71.1
STURCARMD1,4,pointcount,2016-07-29,10:10,610,,
STURCARMD1,4,takedown,2016-07-29,10:20,620,,
STURCARMD1,4,resight,2016-07-29,10:35,635,,
STURCARMD1,5,transect,2016-08-24,8:32,512,73.9,61
STURCARMD1,5,pointcount,2016-08-24,8:38,518,,
STURCARMD1,5,resight,2016-08-24,8:55,535,,
STURCARMD1,5,setup,2016-08-24,8:55,535,,
STURCARMD1,6,transect,2016-08-31,6:11,371,73.9,66.9
STURCARMD1,6,takedown,2016-08-31,6:16,376,,
TATEJUAMD1,1,setup,2016-06-14,12:45,765,,
TATEJUAMD1,1,transect,2016-06-14,12:50,770,77,45
TATEJUAMD1,1,pointcount,2016-06-14,12:56,776,,
TATEJUAMD1,1,resight,2016-06-14,13:08,788,,
TATEJUAMD1,2,transect,2016-06-21,13:36,816,86,69.1
TATEJUAMD1,2,takedown,2016-06-21,13:40,820,,
TATEJUAMD1,3,transect,2016-07-12,10:58,658,82.9,69.1
TATEJUAMD1,3,resight,2016-07-12,11:05,665,,
TATEJUAMD1,3,setup,2016-07-12,11:46,706,,
TATEJUAMD1,4,transect,2016-07-19,6:21,381,73,70
TATEJUAMD1,4,pointcount,2016-07-19,6:26,386,,
TATEJUAMD1,4,resight,2016-07-19,6:40,400,,
TATEJUAMD1,4,takedown,2016-07-19,7:07,427,,
TATEJUAMD1,5,transect,2016-08-07,7:15,435,72,60.1
TATEJUAMD1,5,pointcount,2016-08-07,7:21,441,,
TATEJUAMD1,5,resight,2016-08-07,7:32,452,,
TATEJUAMD1,5,setup,2016-08-07,8:05,485,,
TATEJUAMD1,6,transect,2016-08-14,8:00,480,84,75.9
TATEJUAMD1,6,pointcount,2016-08-14,8:04,484,,
TATEJUAMD1,6,takedown,2016-08-14,8:18,498,,
VERSBETMD1,1,transect,2016-07-01,11:48,708,81,71.1
VERSBETMD1,1,pointcount,2016-07-01,11:52,712,,
VERSBETMD1,1,setup,2016-07-01,12:15,735,,
VERSBETMD1,2,transect,2016-07-08,8:19,499,81,69.1
VERSBETMD1,2,takedown,2016-07-08,8:21,501,,
VERSBETMD1,2,pointcount,2016-07-08,8:25,505,,
VERSBETMD1,2,resight,2016-07-08,8:37,517,,
VERSBETMD1,3,transect,2016-07-29,13:03,783,86,69.1
VERSBETMD1,3,resight,2016-07-29,13:05,785,,
VERSBETMD1,3,setup,2016-07-29,13:33,813,,
VERSBETMD1,4,takedown,2016-08-05,7:16,436,,
VERSBETMD1,4,transect,2016-08-05,7:18,438,73.9,66.9
VERSBETMD1,4,pointcount,2016-08-05,7:24,444,,
VERSBETMD1,4,resight,2016-08-05,7:36,456,,
VERSBETMD1,5,transect,2016-08-21,8:41,521,79,73.9
VERSBETMD1,5,resight,2016-08-21,8:45,525,,
VERSBETMD1,5,setup,2016-08-21,9:18,558,,
VERSBETMD1,6,takedown,2016-08-28,7:19,439,,
VERSBETMD1,6,transect,2016-08-28,7:20,440,75,71.1
VERSBETMD1,6,pointcount,2016-08-28,7:25,445,,
VONGJENMD1,1,setup,2016-06-22,13:38,818,,
VONGJENMD1,1,pointcount,2016-06-22,13:39,819,,
VONGJENMD1,1,transect,2016-06-22,13:51,831,84.9,51.1
VONGJENMD1,1,resight,2016-06-22,13:55,835,,
VONGJENMD1,2,takedown,2016-06-29,5:52,352,,
VONGJENMD1,2,transect,2016-06-29,5:56,356,69.1,66
VONGJENMD1,2,resight,2016-06-29,6:00,360,,
VONGJENMD1,3,transect,2016-07-06,14:04,844,90,73
VONGJENMD1,3,setup,2016-07-06,14:10,850,,
VONGJENMD1,4,transect,2016-07-13,12:05,725,84.9,75
VONGJENMD1,4,pointcount,2016-07-13,12:10,730,,
VONGJENMD1,4,resight,2016-07-13,12:23,743,,
VONGJENMD1,4,takedown,2016-07-13,12:47,767,,
VONGJENMD1,5,transect,2016-08-24,6:31,391,68,62.1
VONGJENMD1,5,pointcount,2016-08-24,6:33,393,,
VONGJENMD1,5,setup,2016-08-24,6:52,412,,
VONGJENMD1,6,transect,2016-08-31,7:05,425,73.9,66.9
VONGJENMD1,6,pointcount,2016-08-31,7:08,428,,
VONGJENMD1,6,resight,2016-08-31,7:29,449,,
VONGJENMD1,6,takedown,2016-08-31,7:52,472,,
WILLTERMD1,1,setup,2016-06-29,11:05,665,,
WILLTERMD1,1,transect,2016-06-29,11:09,669,79,61
WILLTERMD1,1,pointcount,2016-06-29,11:14,674,,
WILLTERMD1,1,resight,2016-06-29,11:25,685,,
WILLTERMD1,2,takedown,2016-07-06,10:36,636,,
WILLTERMD1,2,transect,2016-07-06,10:45,645,88,73.9
WILLTERMD1,3,transect,2016-07-13,6:04,364,75.9,73
WILLTERMD1,3,pointcount,2016-07-13,6:11,371,,
WILLTERMD1,3,setup,2016-07-13,6:25,385,,
WILLTERMD1,4,transect,2016-07-20,8:01,481,73,66.9
WILLTERMD1,4,pointcount,2016-07-20,8:06,486,,
WILLTERMD1,4,resight,2016-07-20,8:17,497,,
WILLTERMD1,4,takedown,2016-07-20,8:46,526,,
WILLTERMD1,5,transect,2016-08-04,6:17,377,71.1,64.9
WILLTERMD1,5,pointcount,2016-08-04,6:21,381,,
WILLTERMD1,5,resight,2016-08-04,6:37,397,,
WILLTERMD1,5,setup,2016-08-04,7:04,424,,
WILLTERMD1,6,transect,2016-08-11,7:50,470,81,73.9
WILLTERMD1,6,resight,2016-08-11,7:55,475,,
WILLTERMD1,6,takedown,2016-08-11,8:20,500,,
WOLFAMYDC1,1,transect,2016-06-17,6:53,413,66,61
WOLFAMYDC1,1,pointcount,2016-06-17,6:59,419,,
WOLFAMYDC1,1,resight,2016-06-17,7:10,430,,
WOLFAMYDC1,2,transect,2016-06-23,7:14,434,72,68
WOLFAMYDC1,3,transect,2016-07-28,9:52,592,87.1,73.9
WOLFAMYDC1,3,resight,2016-07-28,9:55,595,,
WOLFAMYDC1,4,transect,2016-08-04,10:56,656,81.1,63
WOLFAMYDC1,4,pointcount,2016-08-04,11:01,661,,
WOLFAMYDC1,4,resight,2016-08-04,11:13,673,,
WOLFAMYDC1,5,transect,2016-08-12,6:21,381,81,73
WOLFAMYDC1,5,pointcount,2016-08-12,6:24,384,,
WOLFAMYDC1,6,transect,2016-08-19,6:19,379,75,66.9
WOLFAMYDC1,6,pointcount,2016-08-19,6:22,382,,
WOLFAMYDC1,6,resight,2016-08-19,6:34,394,,
WOLFKARDC1,1,pointcount,2016-06-30,7:43,463,,
WOLFKARDC1,1,transect,2016-06-30,7:59,479,71.1,55.9
WOLFKARDC1,2,transect,2016-07-07,6:25,385,78.1,75
WOLFKARDC1,2,resight,2016-07-07,6:29,389,,
WOLFKARDC1,3,transect,2016-07-28,7:35,455,84,73.9
WOLFKARDC1,3,resight,2016-07-28,7:42,462,,
WOLFKARDC1,4,transect,2016-08-04,9:07,547,77,66
WOLFKARDC1,4,pointcount,2016-08-04,9:11,551,,
WOLFKARDC1,4,resight,2016-08-04,9:22,562,,
WOLFKARDC1,5,transect,2016-08-11,6:08,368,79,73.9
WOLFKARDC1,5,pointcount,2016-08-11,6:13,373,,
WOLFKARDC1,6,transect,2016-08-18,8:20,500,78.1,72
WOLFKARDC1,6,pointcount,2016-08-18,8:27,507,,
WOLFKARDC1,6,resight,2016-08-18,8:37,517,,
ZAMBTRAMD1,1,pointcount,2016-06-08,8:46,526,,
ZAMBTRAMD1,1,transect,2016-06-08,8:58,538,69.1,51.1
ZAMBTRAMD1,1,setup,2016-06-08,9:18,558,,
ZAMBTRAMD1,1,resight,2016-06-08,9:40,580,,
ZAMBTRAMD1,2,takedown,2016-06-15,6:11,371,,
ZAMBTRAMD1,2,transect,2016-06-15,6:17,377,68,61
ZAMBTRAMD1,2,resight,2016-06-15,6:23,383,,
ZAMBTRAMD1,3,transect,2016-07-21,11:39,699,84.9,64
ZAMBTRAMD1,3,pointcount,2016-07-21,11:44,704,,
ZAMBTRAMD1,3,setup,2016-07-21,12:07,727,,
ZAMBTRAMD1,4,transect,2016-07-28,5:57,357,82,73
ZAMBTRAMD1,4,pointcount,2016-07-28,6:02,362,,
ZAMBTRAMD1,4,takedown,2016-07-28,6:14,374,,
ZAMBTRAMD1,4,resight,2016-07-28,6:19,379,,
ZAMBTRAMD1,5,transect,2016-08-10,8:35,515,81,73.9
ZAMBTRAMD1,5,resight,2016-08-10,8:39,519,,
ZAMBTRAMD1,5,setup,2016-08-10,9:03,543,,
ZAMBTRAMD1,6,transect,2016-08-17,7:06,426,80.1,72
ZAMBTRAMD1,6,pointcount,2016-08-17,7:09,429,,
ZAMBTRAMD1,6,takedown,2016-08-17,7:20,440,,
