site,date,time,enc,spp,band,l,r,sex,long,lat
BALASUCMD1,2016-08-23,12:40,RST,AMRO,1352-46510,A,?/O,,,
BALASUCMD1,2016-08-23,12:45,RST,CACH,2750-64342,A/R,?,,,
BALASUCMD1,2016-08-23,12:45,RST,CACH,2750-64361,Y/W,A,,,
BARBJERMD1,2016-07-12,8:43,RST,CARW,2711-77121,A,P/O,M?,,
BARBJERMD1,2016-07-12,8:45,RST,CARW,?,BK,?,F?,,
BARBJERMD1,2016-07-12,9:04,RST,NOCA,2641-63964,A/G?,R,M,,
BARBJERMD1,2016-07-19,9:09,RSI,NOCA,2641-63964,G/A?,R,M,,
BARBJERMD1,2016-07-19,9:09,RSI,NOCA,?,?,BK,F,,
BARBJERMD1,2016-08-23,10:26,RST,NOCA,2641-63959,A/PK,?,M,,
BARBJERMD1,2016-08-23,10:29,RST,CARW,2711-77121,A,P/O,M,,
BARBJERMD1,2016-08-23,10:34,RST,CACH,2750-41384,A?/W,G,,,
BARBJERMD1,2016-08-23,10:36,RST,CACH,2750-41387,A/PK,Y,,,
BARBJERMD1,2016-08-23,10:40,RST,NOCA,2641-63964,A/G?,R,M,,
BARBJERMD1,2016-08-30,9:49,RST,NOCA,2641-63966,PK,A,M,,
BARBJERMD1,2016-08-30,10:02,RST,CACH,2750-41387,A/PK,Y,,,
BEALTOMMD1,2016-06-20,9:14,RSI,NOCA,?,W/A,?,F,,
BEALTOMMD1,2016-06-20,9:34,RST,CARW,2661-31567,A,P/R,,,
BEALTOMMD1,2016-07-13,7:35,RST,CARW,2661-31567,A,P/R,,,
BEALTOMMD1,2016-08-21,11:16,RST,CARW,2661-31567,A,P/R,,,
BLOCDAVMD1,2016-06-27,9:35,RSI,AMRO,?,P/A,R,,,
BLOCDAVMD1,2016-06-27,9:41,RSI,SOSP,2571-70362,A,PK/G,,,
BLOCDAVMD1,2016-06-27,10:15,RST,SOSP,2571-70362,A,PK/G,,"""  ""","""  """
BLOCDAVMD1,2016-06-27,10:18,RST,SOSP,2441-96351,G,A/Y,,,
BLOCDAVMD1,2016-06-27,10:23,RST,AMRO,?,P/A,R,,,
BLOCDAVMD1,2016-07-04,9:15,RSI,SOSP,2441-96351,G,A/Y,,,
BLOCDAVMD1,2016-07-20,6:22,RSI,GRCA,?,Y/A,W,,,
BLOCDAVMD1,2016-07-20,6:24,RSI,GRCA,?,BU,A/PK,,,
BLOCDAVMD1,2016-08-12,8:32,RST,GRCA,2641-63928,Y/A,?,,,
BRIGKIMMD1,2016-06-16,8:42,RSI,GRCA,2651-47542,Y/O,A,,,
BRIGKIMMD1,2016-06-16,9:14,RST,SOSP,2441-13865,R,A/P,,,
BRIGKIMMD1,2016-08-09,9:10,RSI,CACH,2710-53808,A/O,R,,,
BRIGKIMMD1,2016-08-09,9:13,RSI,GRCA,2651-47542,Y/O,A,,,
BROWANNDC1,2016-06-15,11:07,RST,GRCA,2641-96848,BU/A,BU,,,
BROWANNDC1,2016-06-22,10:20,RST,GRCA,2641-96848,BU/A,BU,,,
BROWANNDC1,2016-07-11,8:01,RST,GRCA,2641-96848,BU/A,BU,,,
BROWANNMD1,2016-06-21,12:38,RSI,HOWR,2710-54288,BK,A/W,,,
BROWANNMD1,2016-06-21,13:02,RST,HOWR,2710-54288,BK,A/W,,,
BROWANNMD1,2016-06-21,13:15,RST,CACH,2710-53817,P/W,A,,,
BROWANNMD1,2016-06-21,13:15,RST,CACH,2710-54289,O,?,,,
BROWANNMD1,2016-07-05,7:50,RSI,HOWR,2710-54288,?,A/W,,,
BROWANNMD1,2016-07-12,10:52,RSI,HOWR,2710-54288,?,A/W,,,
BROWANNMD1,2016-07-12,10:17,RST,CACH,2710-54289,O,A,,,
BROWANNMD1,2016-07-12,10:18,RST,CACH,2710-53817,A?,W?,,,
BROWANNMD1,2016-07-12,10:28,RST,SOSP,2711-77136,Y,BK/A,,,
BROWANNMD1,2016-08-02,9:55,RSI,SOSP,2711-77136,Y,BK/A,,,
BROWANNMD1,2016-08-02,10:15,RST,HOWR,2710-54288,BK,A/W,,,
BROWANNMD1,2016-08-09,11:51,RST,SOSP,2711-77136,Y,BK/A,,,
BUISNORVA1,2016-06-06,15:12,RSI,NOCA,?,?,G,M,,
BUISNORVA1,2016-06-13,13:21,RST,NOCA,?,?,G,M,,
BUISNORVA1,2016-06-13,13:27,RST,CACH,2510-03834,Y/R,A,,,
BUISNORVA1,2016-07-25,7:57,RSI,NOCA,2531-74567,O/PK,A,M,,
BUISNORVA1,2016-08-01,8:54,RSI,NOCA,2531-74567,O/PK,A,M,,
BUISNORVA1,2016-08-01,9:02,RST,SOSP,2741-54634,BU/A,G,,,
BUISNORVA1,2016-08-01,9:11,RST,NOCA,2531-74567,O/PK,A,M,,
BUISNORVA1,2016-08-08,10:02,RST,SOSP,2741-54634,BU/A,G,,,
BUISNORVA1,2016-08-08,10:24,RSI,CACH,2510-03834,Y/R,A,,,
BURDROBVA1,2016-06-13,11:40,RST,NOCA,2641-63314,A/G?,Y,M,,
BURDROBVA1,2016-06-13,11:57,RST,GRCA,2531-74589,G,A/O,,,
BURDROBVA1,2016-06-13,12:05,RST,HOWR,2750-64414,O/P,A,,,
BURDROBVA1,2016-06-20,14:08,RST,SOSP,2711-77007,P,A,,,
BURDROBVA1,2016-06-20,14:16,RST,SOSP,2711-77012,A/BU,BK,,,
BURDROBVA1,2016-06-29,7:41,RSI,SOSP,?,A,BK/W,,,
BURDROBVA1,2016-06-29,7:51,RST,NOCA,2651-47672,W,BK/A,F,,
BURDROBVA1,2016-06-29,7:52,RST,NOCA,2641-63314,A?,Y,M,,
BURDROBVA1,2016-06-29,7:58,RST,CACH,2750-64415,A,G/G,,,
BURDROBVA1,2016-07-25,9:14,RST,SOSP,?,A,BK/W,,,
BURDROBVA1,2016-07-25,9:25,RST,SOSP,2711-77006,A,Y/Y,,,
BURDROBVA1,2016-07-25,9:37,RSI,HOWR,2750-64414,O/P,A,,,
CAMPGLOMD1,2016-06-17,11:03,RSI,NOCA,2301-56982,A,O/Y,M,,
CAMPROSMD1,2016-06-20,6:52,RSI,AMRO,1292-64574,PK,PK/A,,,
CAMPROSMD1,2016-06-20,6:59,RSI,GRCA,2651-56750,R?,PK,,,
CAMPROSMD1,2016-06-27,8:40,RSI,NOCA,2421-11695,U,Y/A,M,,
CAMPROSMD1,2016-06-27,8:46,RSI,GRCA,2651-56750,O/A,PK,,,
CAMPROSMD1,2016-06-27,8:56,RST,NOCA,2421-11695,U,Y/A,M,"""  ""","""  """
CAMPROSMD1,2016-06-27,9:08,RST,GRCA,2651-56263,W/A,BK/G,,,
CAMPROSMD1,2016-06-27,9:08,RST,GRCA,2651-56750,O/A,PK,,,
CAMPROSMD1,2016-07-15,10:33,RST,CACH,2750-41372,A/?,Y,,,
CAMPROSMD1,2016-07-15,10:37,RST,CARW,2541-40500,BK,G/A,,,
CAMPROSMD1,2016-07-15,10:38,RST,CARW,2711-77128,A/O,Y,,,
CAMPROSMD1,2016-07-15,10:42,RST,NOCA,2421-11695,Y/Y,Y/A,,,
CAMPROSMD1,2016-07-15,10:57,RSI,SOSP,?,?,G/A,,,
CAMPROSMD1,2016-07-22,8:41,RSI,GRCA,2651-56263,W/A,BK/G,,,
CAMPROSMD1,2016-07-22,8:51,RST,AMRO,1292-64574,PK,PK/A,,,
CAMPROSMD1,2016-07-22,9:01,RST,CARW,2711-77128,A/O,Y,,,
CAMPROSMD1,2016-08-13,6:39,RSI,AMRO,1292-64574,PK,PK/A,,,
CAMPROSMD1,2016-08-13,6:58,RST,GRCA,2651-56263,W/A,BK/G,,,
CLARCOLDC1,2016-08-15,10:33,RST,NOCA,2531-74547,R,A/P,F,,
CLARCOLDC1,2016-08-22,12:48,RSI,NOCA,2531-74547,R,A/P,F,,
COLSKATMD1,2016-06-14,14:55,RSI,CACH,2750-64417,?,Y,,,
COLSKATMD1,2016-07-19,12:07,RST,NOCA,2531-74593,O/A,O?,M,,
COLSKATMD1,2016-08-16,7:54,RST,CACH,2690-95954,A,PK/PK,,,
COLSKATMD1,2016-08-16,7:56,RST,CACH,2750-64417,Y/A,Y,,,
COLSKATMD1,2016-08-23,8:15,RST,NOCA,2531-74593,A,O,M,,
COLSKATMD1,2016-08-23,8:22,RST,CACH,2750-64417,Y/A,Y,,,
COLSKATMD1,2016-08-23,8:33,RST,CACH,2690-95954,A,PK/PK,,,
EGANMARMD1,2016-06-10,16:19,RST,NOCA,?,U,A/PK,M,,
EGANMARMD1,2016-06-17,8:22,RST,CACH,?,O,R/A,,,
EGANMARMD1,2016-07-04,10:54,RSI,NOCA,2651-47691,A,P/P?,F,,
EGANMARMD1,2016-07-04,11:23,RST,SOSP,2711-77018,Y,A/PK,,,
EGANMARMD1,2016-08-10,10:04,RST,NOCA,2651-47691,A,BU?,F,,
FARYSIMMD1,2016-06-16,6:50,RSI,NOMO,1352-46523,A/PK,O,,,
FARYSIMMD1,2016-06-16,7:24,RST,SOSP,2711-77613,A,PK/R,,,
FARYSIMMD1,2016-06-16,7:28,RST,NOMO,1352-46523,A/PK,O,,,
FARYSIMMD1,2016-07-11,10:35,RST,HOWR,2750-41531,PK/A,PK,,,
FARYSIMMD1,2016-07-11,10:41,RST,SOSP,2711-77613,A,PK/R,,,
FARYSIMMD1,2016-07-11,10:50,RST,NOMO,1352-46523,A/PK,O,,,
FARYSIMMD1,2016-07-11,10:53,RST,SOSP,2711-77147,P,A/P,,,
FARYSIMMD1,2016-07-18,6:15,RSI,NOMO,1352-46523,A,O,,,
FARYSIMMD1,2016-07-18,6:38,RST,NOCA,2641-96967,A,PK,M,,
FARYSIMMD1,2016-07-18,6:38,RST,SOSP,2711-77613,A,PK/R,,,
FARYSIMMD1,2016-07-18,6:52,RST,SOSP,2711-77147,P,A/P,,,
FARYSIMMD1,2016-07-18,6:55,RST,HOWR,2750-41531,PK,PK/A,,,
FARYSIMMD1,2016-08-13,8:04,RST,SOSP,2711-77613,A,PK/R,,,
FARYSIMMD1,2016-08-13,8:28,RSI,NOMO,1272-43070,A,PK,,,
FISHFERVA1,2016-06-09,7:20,RSI,SOSP,2571-70346,A,PK,,,
FISHFERVA1,2016-06-16,12:02,RSI,NOCA,2651-47609,BU,A/BK,M,,
FISHFERVA1,2016-06-16,12:09,RST,NOCA,2651-47609,BU,A/BK,M,"""  ""","""  """
FISHFERVA1,2016-06-16,12:19,RST,CACH,2590-83047,?,P/Y,,,
FISHFERVA1,2016-06-16,12:31,RST,CACH,2750-64212,PK/A,Y,,,
FISHFERVA1,2016-07-25,12:26,RSI,HOWR,2750-41533,A,O/G,,,
FISHFERVA1,2016-08-01,6:16,RSI,SOSP,2571-70346,A/G?,PK,,,
FISHFERVA1,2016-08-01,6:19,RSI,CACH,2750-64212,PK?,Y,,,
FISHFERVA1,2016-08-01,6:21,RSI,CACH,2750-64479,G/A,W,,,
FISHFERVA1,2016-08-01,6:42,RST,HOWR,2750-41534,PK,A,,,
FISHFERVA1,2016-08-26,7:42,RST,GRCA,2641-96971,A,Y/G,,,
FISHFERVA1,2016-08-26,7:45,RST,CACH,2750-64212,PK/A,Y,,,
GECACARVA1,2016-06-13,9:25,RSI,CACH,2750-64426,BK,A/R,,,
GECACARVA1,2016-06-20,13:12,RST,CACH,2750-64426,R/A?,,,,
GECACARVA1,2016-08-19,7:22,RSI,SOSP,2661-31560,A,BK/P,,,
GECACARVA1,2016-08-19,7:37,RST,SOSP,2661-31560,A,BK/P,,,
GECACARVA1,2016-08-19,7:49,RSI,CACH,2750-41522,G/O,A,,,
GERYERIMD1,2016-06-17,12:12,RSI,SOSP,2441-14198,A,O/G,,,
GERYERIMD1,2016-06-17,12:21,RST,SOSP,2441-14198,A,O/G,,"""  ""","""  """
GERYERIMD1,2016-06-23,12:49,RST,SOSP,2441-14198,A,O/G,,,
GERYERIMD1,2016-07-15,6:10,RSI,SOSP,2441-14198,A,O/G,,,
GERYERIMD1,2016-08-01,12:46,RSI,SOSP,2441-14198,A,O/G,,,
GERYERIMD1,2016-08-08,6:22,RST,NOCA,2561-56891,A,U,M,,
JACOMERMD1,2016-06-21,7:57,RSI,GRCA,2651-56259,PK,W/A,,,
JACOMERMD1,2016-06-21,8:29,RST,GRCA,2641-63957,BU/A,R,,,
JACOMERMD1,2016-06-21,8:32,RST,GRCA,2651-51543,P?,A/BU,,,
JACOMERMD1,2016-06-21,8:40,RST,SOSP,?,PK,?,,,
JACOMERMD1,2016-06-21,9:01,RST,GRCA,2651-56259,PK,W/A,,,
JACOMERMD1,2016-06-28,14:45,RSI,GRCA,2651-51543,?,A/BU,,,
JACOMERMD1,2016-06-28,14:51,RSI,SOSP,2541-40496,A,P/PK,,,
JACOMERMD1,2016-07-27,9:15,RSI,GRCA,2651-51543,PK?,A/BU,,,
JACOMERMD1,2016-07-27,9:40,RSI,SOSP,2541-40496,A,P/PK,,,
JACOMERMD1,2016-07-27,9:43,RST,SOSP,2541-40496,A,P/PK,,,
JACOMERMD1,2016-07-27,9:45,RST,SOSP,2571-90095,A/BK?,BK,,,
KESTSABDC1,2016-06-14,9:03,RST,AMRO,1292-64586,W/BK,A,,,
KESTSABDC1,2016-06-14,9:16,RST,SOSP,2711-77659,Y/A,O,,,
KESTSABDC1,2016-06-21,10:12,RST,AMRO,1352-46592,G/PK,A,,,
KESTSABDC1,2016-06-21,10:16,RST,SOSP,2711-77659,Y/A,O,,,
KESTSABDC1,2016-06-21,10:21,RST,CARW,2711-77658,Y,BK/A,,,
KESTSABDC1,2016-07-28,9:36,RST,SOSP,2711-77659,Y/A,O,,,
KESTSABDC1,2016-08-08,13:04,RST,SOSP,2711-77659,Y/A,O,,,
KEYESUSMD1,2016-06-10,9:53,RSI,NOCA,2421-11774,A/BK?,?,F,,
KEYESUSMD1,2016-06-10,10:17,RST,CACH,2610-37384,A/PK,BK,,,
KEYESUSMD1,2016-06-10,10:23,RST,HOWR,2590-83167,A,P/W,,,
KEYESUSMD1,2016-06-10,10:33,RST,CACH,2690-08430,G/W?,?,,,
KEYESUSMD1,2016-06-17,13:28,RST,CACH,2690-08430,G,A,,,
KEYESUSMD1,2016-06-17,13:31,RST,NOCA,2421-11774,A/BK?,PK,,,
KEYESUSMD1,2016-07-27,10:50,RST,NOCA,2421-11774,A,P?,,,
KEYESUSMD1,2016-07-27,10:50,RST,CACH,2690-08430,G,A,,,
KEYESUSMD1,2016-08-03,10:47,RST,CACH,2690-08430,G,A,,,
KEYESUSMD1,2016-08-03,10:50,RST,NOCA,2421-11774,?,?,,,
KEYESUSMD1,2016-08-03,11:04,RST,CACH,2610-37384,A/PK,BK,,,
KEYESUSMD1,2016-08-03,11:10,RST,CACH,2710-54299,W/W,A,,,
LANDCELVA1,2016-06-16,14:04,RST,SOSP,2441-13876,BU?/W,A,,,
LANDCELVA1,2016-07-25,6:55,RST,SOSP,2441-13876,W,A,,,
MANNJANDC1,2016-07-11,9:50,RST,NOCA,2651-51549,A,BU/O,M,,
MANNJANDC1,2016-07-11,9:55,RST,GRCA,2651-56282,P,A/P,,,
MANNJANDC1,2016-07-11,10:04,RSI,SOSP,2711-77711,W/?,A,,,
MCDOELIVA1,2016-06-30,10:13,RST,SOSP,2661-31565,O,A/G,,,
MCDOELIVA1,2016-07-14,8:26,RSI,GRCA,2651-47521,A/BK?,O,,,
MCDOELIVA1,2016-07-21,9:35,RST,SOSP,2661-31565,O,A/G,,,
MCDOELIVA1,2016-07-21,9:38,RST,HOWR,2750-41542,?,A/G,,,
MCDOELIVA1,2016-07-21,9:41,RST,SOSP,2711-77159,PK,A/R,,,
MCDOELIVA1,2016-07-21,9:47,RST,CARW,2711-77157,A,BK?,,,
MCDOELIVA1,2016-07-21,9:54,RST,GRCA,2641-96985,W,A/W,,,
MCDOELIVA1,2016-07-21,10:01,RST,AMRO,1342-72981,A,O/O,,,
MCDOELIVA1,2016-08-01,10:16,RST,GRCA,2651-47520,?,G/A,,,
MCDOELIVA1,2016-08-08,11:37,RST,CARW,2711-77158,A?,O/R,,,
MCDOELIVA1,2016-08-08,11:39,RST,CARW,2711-77157,A,G/BU,,,
MCDOELIVA1,2016-08-08,11:47,RST,NOCA,2641-96984,G,A/BU?,F,,
MCDOELIVA1,2016-08-08,11:52,RST,AMRO,1342-72981,A,O/O,,,
MOLIKARMD1,2016-07-08,7:33,RSI,SOSP,2711-77540,P,R/A,,,
MOLIKARMD1,2016-07-15,8:19,RST,CARW,2711-77541,R,A/P,,,
MORRCHRVA1,2016-06-27,14:26,RSI,CACH,2710-25944,W/R,A,,,
MORRCHRVA1,2016-07-04,13:33,RST,CACH,?,W?,?,,,
MORRCHRVA1,2016-07-25,10:57,RST,CACH,2750-64355,W/BU,A,,,
MORRCHRVA1,2016-07-25,10:58,RST,CACH,2750-64356,Y/G,A,,,
MORRCHRVA1,2016-07-25,11:00,RST,CACH,?,Y?W?/O,A,,,
MORRCHRVA1,2016-08-01,11:40,RST,CACH,2710-25947,BK/BU,A,,,
MORRCHRVA1,2016-08-01,11:43,RST,CACH,?,Y?W?/O,A,,,
MORRCHRVA1,2016-08-08,7:36,RST,CACH,2710-25955,Y/W,A,,,
MOSMCARMD1,2016-07-05,10:04,RST,NOCA,2411-37220,PK,P/A,,,
MOSMCARMD1,2016-07-05,10:13,RST,CARW,2711-77547,A/R,O,,,
MOSMCARMD1,2016-07-05,10:16,RST,HOWR,2810-03330,A/P,R,,,
MOSMCARMD1,2016-07-05,10:19,RST,HOWR,2810-03327,BU,BU?/A,,,
MOSMCARMD1,2016-07-05,10:20,RST,TUTI,2711-77551,A/O?,PK?,,,
MOSMCARMD1,2016-07-05,10:27,RST,CACH,2810-03329,BK/A,G,,,
MOSMCARMD1,2016-07-05,10:28,RST,CACH,2750-41391,A/Y,?,,,
MOSMCARMD1,2016-07-19,8:09,RSI,CARW,2711-77548,A,BU/G?,,,
MOSMCARMD1,2016-07-19,8:09,RSI,CARW,?,O/A?,O?,,,
MOSMCARMD1,2016-07-19,8:13,RSI,HOWR,2810-03330,A/P?,R,,,
MOSMCARMD1,2016-07-26,8:43,RST,TUTI,2711-77551,PK,A/O,,,
MOSMCARMD1,2016-07-26,8:44,RST,HOWR,2810-03330,A/P,R,,,
MOSMCARMD1,2016-07-26,8:47,RST,HOWR,2810-03327,BU,BU/A,,,
MOSMCARMD1,2016-07-26,8:48,RST,NOCA,2411-37220,PK,A,M,,
MOSMCARMD1,2016-07-26,9:03,RST,CARW,2441-13854,A/W,W,M,,
MOSMCARMD1,2016-07-26,9:05,RST,CACH,2810-03329,BK/A,G,,,
MOSMCARMD1,2016-08-28,8:46,RST,CACH,2810-03328,W/Y,A,,,
MOSMCARMD1,2016-08-28,8:50,RST,CARW,2441-13854,A/W,W,,,
MOSMCARMD1,2016-08-30,9:02,RST,TUTI,2711-77550,A,Y/BU,,,
MOSMCARMD1,2016-08-30,9:12,RST,CACH,2810-03329,BK/A,G,,,
MOSMCARMD1,2016-08-30,9:13,RST,CACH,2810-03328,W/Y,A,,,
NEWBCARVA1,2016-06-15,13:01,RSI,AMRO,1342-72983,Y/A,W,,,
NEWBCARVA1,2016-06-15,13:21,RST,HOWR,2710-54271,G,P/A,,,
NEWBCARVA1,2016-06-15,13:17,RST,AMRO,1342-72983,Y/A,W,,,
NEWBCARVA1,2016-07-11,6:22,RSI,NOCA,2421-11431,Y/A,G,M,,
NEWBCARVA1,2016-07-18,10:57,RST,HOWR,2710-54271,G,P/A,,,
NEWBCARVA1,2016-07-18,11:12,RST,CACH,?,R,?,,,
NEWBCARVA1,2016-08-15,8:10,RST,CACH,2690-95986,A/PK,W,,,
NEWBCARVA1,2016-08-22,8:53,RST,CACH,2690-95986,A/PK,W,,,
OBRICHRMD1,2016-07-27,7:46,RSI,GRCA,2421-34617,A/R,W,,,
OBRICHRMD1,2016-08-03,9:22,RST,CARW,2711-77575,A,Y/BU,,,
OBRICHRMD1,2016-08-03,9:24,RST,CARW,2711-77574,O/G,A,,,
OLONMARDC1,2016-06-23,13:27,RST,HOWR,2750-41405,O,Y/A,,,
OLONMARDC1,2016-08-22,6:41,RST,SOSP,2741-54656,A/PK,G,,,
OLONMARDC1,2016-08-29,10:34,RST,NOCA,2421-11602,A,O/BK,F,,
ONTAHOUDC1,2016-06-13,7:42,RSI,GRCA,2421-11367,O/G,A,,,
ONTAHOUDC1,2016-06-13,8:05,RST,GRCA,2421-11367,O/G,A,,,
ONTAHOUDC1,2016-06-13,8:15,RST,SOSP,2661-31873,A/O,W,,,
ONTAHOUDC1,2016-06-20,11:48,RST,SOSP,2441-13858,A/O,P,,,
ONTAHOUDC1,2016-06-20,11:54,RST,GRCA,2421-11367,O/G,A,,,
ONTAHOUDC1,2016-07-14,11:32,RSI,GRCA,2421-11367,O/G,A,,,
ONTAHOUDC1,2016-07-21,7:03,RSI,SOSP,2441-13858,A/O,P,,,
ONTAHOUDC1,2016-07-21,7:10,RSI,GRCA,2421-11367,O/G,A,,,
ONTAHOUDC1,2016-07-21,7:30,RST,SOSP,2441-13858,A/O,P,,,
ONTAHOUDC1,2016-08-03,7:02,RST,SOSP,2441-13858,A/O,P,,,
ONTAHOUDC1,2016-08-03,7:08,RST,NOCA,1951-20901,U,BU/A,M,,
ONTAHOUDC1,2016-08-03,7:23,RST,GRCA,2421-11984,W/A,U,,,
PADORAMVA1,2016-06-23,10:10,RSI,SOSP,2441-13880,O,G/A,,,
PADORAMVA1,2016-06-23,10:34,RST,NOCA,2641-96845,W,Y/A,M,,
PADORAMVA1,2016-06-23,10:36,RST,CARW,2711-77126,A/W,W,,,
PADORAMVA1,2016-06-23,10:38,RST,SOSP,2441-13880,O,G/A,,,
PADORAMVA1,2016-06-30,9:02,RST,SOSP,2441-13880,O,G/A,,,
PADORAMVA1,2016-06-30,9:06,RST,CARW,2711-77126,A/W,W,,,
PADORAMVA1,2016-07-14,7:27,RSI,NOCA,2641-96844,Y,R/A,,,
PADORAMVA1,2016-07-14,7:28,RSI,NOCA,2641-96845,W,Y/A,,,
PADORAMVA1,2016-07-14,7:39,RST,SOSP,2441-13880,O,G/A,,,
PERRCHRMD1,2016-06-21,11:45,RSI,NOCA,2421-11381,A,O/O,F,,
PERRCHRMD1,2016-06-21,11:45,RSI,CACH,2710-54337,A,G/PK,,,
PERRCHRMD1,2016-06-28,12:18,RST,CACH,2710-53794,A,BU?/O?,,,
PERRCHRMD1,2016-08-02,11:37,RST,NOCA,2421-11381,A,O/O,F,,
PERRCHRMD1,2016-08-02,11:51,RST,NOCA,?,?,G?BU?,F,,
PERRCHRMD1,2016-08-07,8:30,RSI,NOCA,2421-11381,A,O/O,F,,
PERRCHRMD1,2016-08-07,8:55,RST,NOCA,2421-11381,A,O/O,F,,
PERRCHRMD1,2016-08-07,9:00,RST,CARW,2661-31529,?,A/G?,,,
PERRCHRMD1,2016-08-14,7:23,RST,CARW,2711-77546,G,A/BK,,,
PERRCHRMD1,2016-08-14,7:28,RST,NOCA,2421-11381,A,O/O,F,,
PHARAIMMD1,2016-07-05,8:53,RST,CARW,2571-89947,G/PK,?,,,
PHARAIMMD1,2016-08-09,10:41,RST,CACH,2710-54347,A,PK?O?/Y?,,,
PHARAIMMD1,2016-08-16,10:27,RSI,CARW,2571-89947,G/PK,A,,,
PHARAIMMD1,2016-08-16,10:40,RST,CARW,2571-89947,G/PK,A,,,
PHARAIMMD1,2016-08-16,10:41,RST,CARW,2711-77564,A,BU/W,,,
PHARAIMMD1,2016-08-16,10:50,RST,CACH,2710-54347,A,PK?O?/Y?,,,
PHARAIMMD1,2016-08-16,10:59,RST,NOCA,2421-34637,PK?O?R?P?/A,R,F,,
PIROELADC1,2016-06-14,7:19,RST,HOWR,2730-26440,BU,A/Y,,,
PIROELADC1,2016-06-14,7:47,RST,NOCA,2421-34692,R?/BK,A,F,,
PIROELADC1,2016-08-04,8:36,RST,HOWR,2730-26440,BU,A/Y,,,
REITBOBMD1,2016-06-22,8:27,RSI,SOSP,2541-40475,BU/A,BU,,,
REITBOBMD1,2016-06-22,8:41,RSI,SOSP,2571-89994,G,A/PK,,,
REITBOBMD1,2016-06-22,8:54,RST,SOSP,2541-40475,BU/A,BU,,"""  ""","""  """
REITBOBMD1,2016-06-22,8:54,RST,SOSP,2571-89994,G,A/PK,,"""  ""","""  """
REITBOBMD1,2016-06-22,9:04,RST,SOSP,?,BK,A,,,
REITBOBMD1,2016-07-04,8:15,RSI,SOSP,2571-89994,G,A/PK,,,
REITBOBMD1,2016-07-04,8:37,RST,SOSP,2571-89994,G,A/PK,,"""  ""","""  """
REITBOBMD1,2016-07-04,8:38,RST,NOCA,2641-96688,A,P/Y,F,,
REITBOBMD1,2016-07-04,8:42,RST,CARW,2541-40474,A,O/P,,,
REITBOBMD1,2016-07-04,8:47,RST,SOSP,?,BK,A,,,
REITBOBMD1,2016-07-11,11:26,RST,SOSP,2571-89994,G,A/PK,,,
REITBOBMD1,2016-07-11,11:42,RST,SOSP,?,BK,A,,,
REITBOBMD1,2016-08-14,6:14,RSI,SOSP,?,BK,A,,,
ROHRSALMD1,2016-07-01,10:46,RST,CACH,2810-03319,A,R/P,,,
ROHRSALMD1,2016-07-01,10:50,RST,NOCA,2531-90281,BU,A/R,M,,
ROHRSALMD1,2016-07-01,10:59,RST,NOCA,2651-47554,PK/G,A,M,,
ROHRSALMD1,2016-07-01,11:07,RST,CARW,?,BU?,A,,,
ROHRSALMD1,2016-07-29,12:04,RST,NOCA,2531-90281,BU,A/R,M,,
ROHRSALMD1,2016-07-29,12:16,RST,CACH,2570-44724,BU,A/BK,,,
ROHRSALMD1,2016-08-05,8:59,RST,NOCA,2531-90281,BU,A/R,M,,
ROHRSALMD1,2016-08-05,9:02,RST,CACH,2570-44724,BU,A/BK,,,
ROHRSALMD1,2016-08-14,8:58,RSI,CACH,2810-03319,A,R/P,,,
ROHRSALMD1,2016-08-14,9:25,RST,CACH,?,A?,?,,,
ROHRSALMD1,2016-08-14,9:33,RST,CACH,2810-03321,BK,A,,,
ROHRSALMD1,2016-08-14,9:34,RST,CACH,2570-44724,BU,A/BK,,,
ROHRSALMD1,2016-08-21,9:55,RSI,CACH,2810-03321,BK,A,,,
SALOSHEMD1,2016-07-27,6:40,RST,TUTI,2711-77004,PK,A/PK,,,
SALOSHEMD1,2016-07-27,6:41,RST,TUTI,2711-77005,A/Y,Y,,,
SALOSHEMD1,2016-07-27,7:00,RST,NOCA,2651-47665,O,A,M,,
SCHLROBMD1,2016-07-26,10:15,RSI,TUTI,2711-77591,BU/A,P,,,
SCHLROBMD1,2016-07-26,10:37,RST,TUTI,2711-77591,BU/A,P,,,
SCHLROBMD1,2016-08-16,9:22,RST,CACH,2810-03351,G/?,W/A,,,
SILLSCOMD1,2016-06-09,10:45,RST,GRCA,?,O/A,W,,,
SILLSCOMD1,2016-06-09,10:51,RSI,SOSP,2571-70337,PK,A/BK,,,
SILLSCOMD1,2016-06-16,11:05,RST,SOSP,2571-70337,PK,A/BK,,,
SILLSCOMD1,2016-07-13,9:56,RSI,SOSP,?,P/A,BU,,,
SILLSCOMD1,2016-08-11,9:10,RST,CACH,?,A/Y,W,,,
SILLSCOMD1,2016-08-11,9:11,RST,CACH,?,A,Y/BU,,,
SILLSCOMD1,2016-08-11,9:19,RST,SOSP,?,P?/A,BU,,,
STANJEFMD1,2016-06-17,9:50,RST,SOSP,2441-15007,A,O,,,
STANJEFMD1,2016-08-03,8:22,RST,NOCA,2641-63689,G,O/A,M,,
STANJEFMD1,2016-08-24,10:32,RST,SOSP,2441-15007,A,O,,,
STEWBETMD1,2016-06-27,7:35,RST,CACH,2710-54233,A/O,P,,,
STEWBETMD1,2016-06-27,7:45,RST,SOSP,?,R?,A/BU,,,
STEWBETMD1,2016-06-27,7:47,RST,HOWR,?,BU,A,,,
STEWBETMD1,2016-07-22,10:00,RST,SOSP,?,O?,A/BU,,,
STEWBETMD1,2016-07-22,10:10,RST,HOWR,?,A,PK/W,,,
STEWBETMD1,2016-07-22,10:11,RST,HOWR,?,R,Y,,,
STEWBETMD1,2016-07-29,9:07,RST,SOSP,?,R?,A/BU,,,
STEWBETMD1,2016-08-05,10:29,RST,SOSP,?,O?,A/BU,,,
STUECHRVA2,2016-06-22,11:47,RST,NOCA,2651-47534,Y/BU,A,M,,
STUECHRVA2,2016-06-22,11:53,RST,GRCA,2641-63871,R/A?,PK,,,
STUECHRVA2,2016-07-18,7:50,RSI,GRCA,?,O/A,U,,,
STUECHRVA2,2016-07-18,8:21,RST,NOCA,2531-90240,R/A?,G,,,
STUECHRVA2,2016-07-18,8:29,RST,CACH,?,BU/A,R,,,
STUECHRVA2,2016-07-18,8:47,RSI,CACH,?,O/G,A,,,
STUECHRVA2,2016-07-25,12:25,RST,CACH,2710-53972,Y/BU,A,,,
STUECHRVA2,2016-07-25,12:29,RST,SOSP,?,A,O,,,
STUECHRVA2,2016-07-25,12:31,RST,CACH,?,BU/A,R,,,
STUECHRVA2,2016-07-25,12:32,RST,CACH,?,O/G,A,,,
STUECHRVA2,2016-07-25,12:41,RST,NOCA,2651-47534,Y/BU,A,,,
STUECHRVA2,2016-08-22,7:59,RST,NOCA,2651-47534,Y/BU,A,M,,
STUECHRVA2,2016-08-22,8:10,RST,CACH,?,O/G,A,,,
STUECHRVA2,2016-08-22,8:10,RST,CACH,?,BU/A,R,,,
STURCARMD1,2016-06-08,12:59,RSI,CACH,2460-22797,A?,BK?/R,,,
STURCARMD1,2016-06-15,7:25,RST,CACH,?,?,A/PK,,,
STURCARMD1,2016-06-15,7:25,RST,CACH,?,A,?/PK/?,,,
STURCARMD1,2016-07-29,10:37,RST,CACH,2460-22797,A,BU/R,,,
STURCARMD1,2016-07-29,10:38,RST,CACH,?,W?/A,O,,,
TATEJUAMD1,2016-06-14,12:39,RSI,NOCA,2421-11371,A,PK/BK?BU?,M,,
TATEJUAMD1,2016-06-14,13:11,RST,NOCA,2641-63972,A/Y,P/P,M,,
TATEJUAMD1,2016-06-14,13:14,RST,HOWR,2710-54308,P/O,A,,,
TATEJUAMD1,2016-07-12,11:37,RST,NOCA,2641-63972,A/Y,P/P,M,,
TATEJUAMD1,2016-07-19,6:28,RSI,GRCA,2671-02006,?,W/A,,,
TATEJUAMD1,2016-07-19,6:44,RST,NOCA,2641-63972,A/Y,P/P,M,,
TATEJUAMD1,2016-08-07,8:07,RST,NOCA,2641-63972,A/Y,P/P,M,,
VERSBETMD1,2016-07-08,8:42,RST,CACH,?,A/BU?,?,,,
VERSBETMD1,2016-08-05,7:27,RSI,CACH,2690-95963,Y/W,A,,,
VERSBETMD1,2016-08-05,7:44,RST,CACH,2690-95963,Y/W,A,,,
VERSBETMD1,2016-08-28,7:15,RST,CACH,2690-95963,Y/W,A,,,
VONGJENMD1,2016-06-22,14:06,RST,GRCA,2421-11394,PK/BU,A,,,
VONGJENMD1,2016-06-22,14:06,RST,GRCA,2411-37406,PK/A,U,,,
VONGJENMD1,2016-06-29,6:12,RST,GRCA,2421-11394,PK/BU,A,,,
VONGJENMD1,2016-07-13,12:33,RST,CARW,2571-90100,O,A/O,,,
VONGJENMD1,2016-07-13,12:39,RST,HOWR,2810-03341,Y/A,Y,,,
VONGJENMD1,2016-07-13,12:40,RST,HOWR,2810-03340,O/P,A,,,
VONGJENMD1,2016-08-31,7:38,RST,GRCA,2421-11394,PK/BU,A,,,
VONGJENMD1,2016-08-31,7:48,RST,NOCA,2641-63901,U,W?Y?/A,M,,
WILLTERMD1,2016-06-29,10:44,RSI,NOCA,2411-37424,A,BK,M,,
WILLTERMD1,2016-06-29,11:28,RST,NOCA,2651-51823,?,A/O,M,,
WILLTERMD1,2016-06-29,11:28,RST,NOCA,2411-37424,A,BK,M,"""  ""","""  """
WILLTERMD1,2016-06-29,11:37,RST,HOWR,2750-64313,BK/G,A,,,
WILLTERMD1,2016-07-20,8:18,RST,NOCA,2651-51823,?,A/O,M,,
WILLTERMD1,2016-07-20,8:26,RST,CACH,2750-64319,A,PK,,,
WILLTERMD1,2016-07-20,8:28,RST,CACH,2750-64318,A,O,,SAME AS ABOVE?,
WILLTERMD1,2016-07-20,8:32,RST,CACH,2750-64318,A,P/O,,,
WILLTERMD1,2016-07-20,8:35,RST,NOCA,?,BK/W,A,F,,
WILLTERMD1,2016-07-20,8:35,RST,NOCA,2411-37424,A,BK,M,,
WILLTERMD1,2016-07-20,8:38,RST,SOSP,2711-77607,A,PK,,,
WILLTERMD1,2016-08-04,6:42,RST,SOSP,2711-77607,W/A,PK,,,
WILLTERMD1,2016-08-04,6:46,RST,NOCA,2651-51823,BK,A/O,,,
WILLTERMD1,2016-08-11,7:59,RST,SOSP,2711-77607,W/A,PK,,,
WILLTERMD1,2016-08-11,8:11,RST,NOCA,2651-51823,BK,A/O,,,
WOLFAMYDC1,2016-06-17,7:15,RST,GRCA,2651-56771,R/A,O,,,
WOLFAMYDC1,2016-07-28,10:11,RST,GRCA,2651-56771,R/A,O,,,
WOLFAMYDC1,2016-08-04,11:25,RST,GRCA,2651-56771,R/A,O,,,
WOLFAMYDC1,2016-08-12,6:27,RSI,CARW,2741-54640,G/W,A,,,
WOLFAMYDC1,2016-08-19,6:48,RST,GRCA,2651-56771,R/A,O,,,
WOLFKARDC1,2016-07-28,7:55,RST,SOSP,2661-31586,R/Y,A,,,
ZAMBTRAMD1,2016-06-08,9:58,RST,CARW,2541-40476,A,P/R,,,
ZAMBTRAMD1,2016-06-08,10:00,RST,AMRO,1272-43153,A,PK/G,,,
ZAMBTRAMD1,2016-06-15,6:27,RST,CARW,2541-40476,A,P/R,,,
ZAMBTRAMD1,2016-07-21,11:50,RSI,AMRO,1342-72986,A/O,PK,,,
ZAMBTRAMD1,2016-08-10,8:41,RST,AMRO,1272-43153,A,PK/G,,,
ZAMBTRAMD1,2016-08-10,8:43,RST,NOCA,791-17259,A/O,U,F,,
ZAMBTRAMD1,2016-08-10,8:47,RST,CARW,2541-40476,A,P/R,,,
